#,"Country,Other",TotalCases,NewCases,TotalDeaths,NewDeaths,TotalRecovered,NewRecovered,ActiveCases,"Serious,Critical",Tot Cases/1M pop,Deaths/1M pop,TotalTests,Tests/,1M pop,,Population,Continent,1 Caseevery X ppl1 Deathevery X ppl1 Testevery X ppl,New Cases/1M pop,New Deaths/1M pop,Active Cases/1M pop
1,USA,"81,527,329",,"1,001,175 ",,"63,623,166",,"16,902,988","2,812","243,844","2,994","975,800,788","2,918,568","334,342,370 ",North America,43340,,,"50,556"
2,India,"43,014,687",,"516,703 ",,"42,475,588",,"22,396","8,944","30,651",368,"784,952,800","559,343","1,403,346,937 ",Asia,"332,7162",,,16
3,Brazil,"29,729,991",,"658,067 ",,"28,363,966",,"707,958","8,318","138,177","3,059","63,776,166","296,414","215,159,159 ",South America,73273,,,"3,290"
4,France,"24,487,676",,"141,319 ",,"22,817,001","+57,688","1,529,356","1,564","373,732","2,157","246,629,975","3,764,077","65,522,041 ",Europe,34640,,,"23,341"
5,UK,"20,515,998",,"164,123 ",,"18,730,567",,"1,621,308",316,"299,505","2,396","499,017,558","7,284,970","68,499,604 ",Europe,34170,,,"23,669"
6,Germany,"19,436,127",,"128,196 ",,"15,329,000","+207,900","3,978,931","2,494","230,710","1,522","104,701,826","1,242,827","84,244,917 ",Europe,46571,,,"47,231"
7,Russia,"17,690,008","+25,387","366,220 ",+418,"16,483,898","+66,476","839,890","2,300","121,129","2,508","273,400,000","1,872,062","146,042,136 ",Europe,83991,174,3,"5,751"
8,Turkey,"14,743,437",,"97,521 ",,"14,385,264",,"260,652",975,"171,634","1,135","151,560,324","1,764,373","85,900,384 ",Asia,68811,,,"3,034"
9,Italy,"14,070,450",,"158,254 ",,"12,685,306",,"1,226,890",466,"233,307","2,624","197,086,357","3,267,951","60,308,847 ",Europe,43810,,,"20,343"
#,"Country,Other",TotalCases,NewCases,TotalDeaths,NewDeaths,TotalRecovered,NewRecovered,ActiveCases,"Serious,Critical",Tot Cases/1M pop,Deaths/1M pop,TotalTests,Tests/,1M pop,,Population,Continent,1 Caseevery X ppl1 Deathevery X ppl1 Testevery X ppl,New Cases/1M pop,New Deaths/1M pop,Active Cases/1M pop
1,USA,"81,527,329",,"1,001,175 ",,"63,623,166",,"16,902,988","2,812","243,844","2,994","975,800,788","2,918,568","334,342,370 ",North America,43340,,,"50,556"
2,India,"43,014,687",,"516,703 ",,"42,475,588",,"22,396","8,944","30,651",368,"784,952,800","559,343","1,403,346,937 ",Asia,"332,7162",,,16
3,Brazil,"29,729,991",,"658,067 ",,"28,363,966",,"707,958","8,318","138,177","3,059","63,776,166","296,414","215,159,159 ",South America,73273,,,"3,290"
4,France,"24,487,676",,"141,319 ",,"22,817,001","+57,688","1,529,356","1,564","373,732","2,157","246,629,975","3,764,077","65,522,041 ",Europe,34640,,,"23,341"
5,UK,"20,515,998",,"164,123 ",,"18,730,567",,"1,621,308",316,"299,505","2,396","499,017,558","7,284,970","68,499,604 ",Europe,34170,,,"23,669"
6,Germany,"19,436,127",,"128,196 ",,"15,329,000","+207,900","3,978,931","2,494","230,710","1,522","104,701,826","1,242,827","84,244,917 ",Europe,46571,,,"47,231"
7,Russia,"17,690,008","+25,387","366,220 ",+418,"16,483,898","+66,476","839,890","2,300","121,129","2,508","273,400,000","1,872,062","146,042,136 ",Europe,83991,174,3,"5,751"
8,Turkey,"14,743,437",,"97,521 ",,"14,385,264",,"260,652",975,"171,634","1,135","151,560,324","1,764,373","85,900,384 ",Asia,68811,,,"3,034"
9,Italy,"14,070,450",,"158,254 ",,"12,685,306",,"1,226,890",466,"233,307","2,624","197,086,357","3,267,951","60,308,847 ",Europe,43810,,,"20,343"
#,"Country,Other",TotalCases,NewCases,TotalDeaths,NewDeaths,TotalRecovered,NewRecovered,ActiveCases,"Serious,Critical",Tot Cases/1M pop,Deaths/1M pop,TotalTests,Tests/,1M pop,,Population,Continent,1 Caseevery X ppl1 Deathevery X ppl1 Testevery X ppl,New Cases/1M pop,New Deaths/1M pop,Active Cases/1M pop
1,USA,"81,527,329",,"1,001,175 ",,"63,623,166",,"16,902,988","2,812","243,844","2,994","975,800,788","2,918,568","334,342,370 ",North America,43340,,,"50,556"
2,India,"43,014,687",,"516,703 ",,"42,475,588",,"22,396","8,944","30,651",368,"784,952,800","559,343","1,403,346,937 ",Asia,"332,7162",,,16
3,Brazil,"29,729,991",,"658,067 ",,"28,363,966",,"707,958","8,318","138,177","3,059","63,776,166","296,414","215,159,159 ",South America,73273,,,"3,290"
4,France,"24,487,676",,"141,319 ",,"22,817,001","+57,688","1,529,356","1,564","373,732","2,157","246,629,975","3,764,077","65,522,041 ",Europe,34640,,,"23,341"
5,UK,"20,515,998",,"164,123 ",,"18,730,567",,"1,621,308",316,"299,505","2,396","499,017,558","7,284,970","68,499,604 ",Europe,34170,,,"23,669"
6,Germany,"19,436,127",,"128,196 ",,"15,329,000","+207,900","3,978,931","2,494","230,710","1,522","104,701,826","1,242,827","84,244,917 ",Europe,46571,,,"47,231"
7,Russia,"17,690,008","+25,387","366,220 ",+418,"16,483,898","+66,476","839,890","2,300","121,129","2,508","273,400,000","1,872,062","146,042,136 ",Europe,83991,174,3,"5,751"
8,Turkey,"14,743,437",,"97,521 ",,"14,385,264",,"260,652",975,"171,634","1,135","151,560,324","1,764,373","85,900,384 ",Asia,68811,,,"3,034"
9,Italy,"14,070,450",,"158,254 ",,"12,685,306",,"1,226,890",466,"233,307","2,624","197,086,357","3,267,951","60,308,847 ",Europe,43810,,,"20,343"
#,"Country,Other",TotalCases,NewCases,TotalDeaths,NewDeaths,TotalRecovered,NewRecovered,ActiveCases,"Serious,Critical",Tot Cases/1M pop,Deaths/1M pop,TotalTests,Tests/,1M pop,,Population,Continent,1 Caseevery X ppl1 Deathevery X ppl1 Testevery X ppl,New Cases/1M pop,New Deaths/1M pop,Active Cases/1M pop
1,USA,"81,527,329",,"1,001,175 ",,"63,623,166",,"16,902,988","2,812","243,844","2,994","975,800,788","2,918,568","334,342,370 ",North America,43340,,,"50,556"
2,India,"43,014,687",,"516,703 ",,"42,475,588",,"22,396","8,944","30,651",368,"784,952,800","559,343","1,403,346,937 ",Asia,"332,7162",,,16
3,Brazil,"29,729,991",,"658,067 ",,"28,363,966",,"707,958","8,318","138,177","3,059","63,776,166","296,414","215,159,159 ",South America,73273,,,"3,290"
4,France,"24,487,676",,"141,319 ",,"22,817,001","+57,688","1,529,356","1,564","373,732","2,157","246,629,975","3,764,077","65,522,041 ",Europe,34640,,,"23,341"
5,UK,"20,515,998",,"164,123 ",,"18,730,567",,"1,621,308",316,"299,505","2,396","499,017,558","7,284,970","68,499,604 ",Europe,34170,,,"23,669"
6,Germany,"19,436,127",,"128,196 ",,"15,329,000","+207,900","3,978,931","2,494","230,710","1,522","104,701,826","1,242,827","84,244,917 ",Europe,46571,,,"47,231"
7,Russia,"17,690,008","+25,387","366,220 ",+418,"16,483,898","+66,476","839,890","2,300","121,129","2,508","273,400,000","1,872,062","146,042,136 ",Europe,83991,174,3,"5,751"
8,Turkey,"14,743,437",,"97,521 ",,"14,385,264",,"260,652",975,"171,634","1,135","151,560,324","1,764,373","85,900,384 ",Asia,68811,,,"3,034"
9,Italy,"14,070,450",,"158,254 ",,"12,685,306",,"1,226,890",466,"233,307","2,624","197,086,357","3,267,951","60,308,847 ",Europe,43810,,,"20,343"
#,"Country,Other",TotalCases,NewCases,TotalDeaths,NewDeaths,TotalRecovered,NewRecovered,ActiveCases,"Serious,Critical",Tot Cases/1M pop,Deaths/1M pop,TotalTests,Tests/,1M pop,,Population,Continent,1 Caseevery X ppl1 Deathevery X ppl1 Testevery X ppl,New Cases/1M pop,New Deaths/1M pop,Active Cases/1M pop
1,USA,"81,527,329",,"1,001,175 ",,"63,623,166",,"16,902,988","2,812","243,844","2,994","975,800,788","2,918,568","334,342,370 ",North America,43340,,,"50,556"
2,India,"43,014,687",,"516,703 ",,"42,475,588",,"22,396","8,944","30,651",368,"784,952,800","559,343","1,403,346,937 ",Asia,"332,7162",,,16
3,Brazil,"29,729,991",,"658,067 ",,"28,363,966",,"707,958","8,318","138,177","3,059","63,776,166","296,414","215,159,159 ",South America,73273,,,"3,290"
4,France,"24,487,676",,"141,319 ",,"22,817,001","+57,688","1,529,356","1,564","373,732","2,157","246,629,975","3,764,077","65,522,041 ",Europe,34640,,,"23,341"
5,UK,"20,515,998",,"164,123 ",,"18,730,567",,"1,621,308",316,"299,505","2,396","499,017,558","7,284,970","68,499,604 ",Europe,34170,,,"23,669"
6,Germany,"19,436,127",,"128,196 ",,"15,329,000","+207,900","3,978,931","2,494","230,710","1,522","104,701,826","1,242,827","84,244,917 ",Europe,46571,,,"47,231"
7,Russia,"17,690,008","+25,387","366,220 ",+418,"16,483,898","+66,476","839,890","2,300","121,129","2,508","273,400,000","1,872,062","146,042,136 ",Europe,83991,174,3,"5,751"
8,Turkey,"14,743,437",,"97,521 ",,"14,385,264",,"260,652",975,"171,634","1,135","151,560,324","1,764,373","85,900,384 ",Asia,68811,,,"3,034"
9,Italy,"14,070,450",,"158,254 ",,"12,685,306",,"1,226,890",466,"233,307","2,624","197,086,357","3,267,951","60,308,847 ",Europe,43810,,,"20,343"
10,Spain,"11,378,784",,"102,053 ",,"10,707,169",,"569,562",682,"243,209","2,181","471,036,328","10,067,904","46,785,939 ",Europe,44580,,,"12,174"
11,S. Korea,"10,822,836","+395,589","13,902 ",+470,N/A,N/A,N/A,"1,081","210,786",271,"15,804,065","307,801","51,345,107 ",Asia,"53,6933","7,705",9,"191,633"
12,Argentina,"9,019,660",,"127,752 ",,"8,823,724",,"68,184",659,"196,467","2,783","35,182,768","766,354","45,909,309 ",South America,53591,,,"1,485"
13,Vietnam,"8,479,751",,"42,075 ",,"4,661,270",,"3,776,406","3,764","85,788",426,"83,048,614","840,187","98,845,416 ",Asia,"122,3491",,,"38,205"
14,Netherlands,"7,626,640",,"21,836 ",,"6,096,706",,"1,508,098",173,"443,406","1,270","21,107,399","1,227,167","17,200,109 ",Europe,27881,,,"87,680"
15,Iran,"7,144,532",,"139,802 ",,"6,837,721",,"167,009","1,816","83,229","1,629","48,534,882","565,395","85,842,357 ",Asia,126142,,,"1,946"
16,Japan,"6,189,816","+36,605","27,356 ",+110,"5,728,024","+56,967","434,436",891,"49,200",217,"42,372,009","336,793","125,810,254 ",Asia,"204,5993",291,0.9,"3,453"
17,Colombia,"6,082,226",,"139,508 ",,"5,914,578",,"28,140",342,"117,381","2,692","33,742,049","651,191","51,815,941 ",South America,93712,,,543
18,Indonesia,"5,986,830","+5,808","154,343 ",+122,"5,676,510","+18,272","155,977","2,771","21,497",554,"91,035,716","326,879","278,499,633 ",Asia,"471,8043",21,0.4,560
19,Poland,"5,924,876","+8,994","114,626 ",+146,"5,269,997","+8,067","540,253",363,"156,845","3,034","35,279,889","933,941","37,775,286 ",Europe,63301,238,4,"14,302"
20,Mexico,"5,640,305","+4,251","322,277 ",+158,"4,937,642","+3,888","380,386","4,798","42,969","2,455","15,475,238","117,895","131,263,268 ",North America,234078,32,1,"2,898"
21,Ukraine,"4,945,428",,"107,724 ",,N/A,N/A,N/A,177,"114,261","2,489","19,521,252","451,028","43,281,686 ",Europe,94022,,,"18,014"
22,Australia,"4,122,142","+63,184","5,824 ",+35,"3,646,301",,"470,017",102,"158,490",224,"65,708,491","2,526,387","26,008,878 ",Australia/Oceania,"64,4660","2,429",1,"18,071"
23,Malaysia,"4,054,926",,"34,600 ",,"3,771,463",,"248,863",332,"122,582","1,046","54,082,305","1,634,926","33,079,368 ",Asia,89561,,,"7,523"
24,Israel,"3,814,635",,"10,455 ",,"3,734,564",,"69,616",306,"409,032","1,121","41,373,364","4,436,346","9,326,000 ",Asia,28920,,,"7,465"
25,Czechia,"3,769,667","+8,475","39,467 ",+12,"3,649,941","+3,838","80,259",104,"350,890","3,674","54,492,549","5,072,298","10,743,167 ",Europe,32720,789,1,"7,471"
26,Belgium,"3,757,776","+16,162","30,635 ",+30,"3,481,607","+5,954","245,534",179,"321,826","2,624","32,547,492","2,787,457","11,676,411 ",Europe,33810,"1,384",3,"21,028"
27,South Africa,"3,707,089",,"99,899 ",,"3,594,194",,"12,996",546,"61,178","1,649","23,643,793","390,193","60,595,060 ",Africa,166073,,,214
28,Philippines,"3,675,384",,"58,563 ",,"3,572,224",,"44,597",289,"32,790",522,"28,756,125","256,545","112,090,029 ",Asia,"301,9144",,,398
29,Austria,"3,627,093","+41,607","15,579  ",+49,"3,168,886","+39,882","442,628",233,"398,809","1,713","172,558,127","18,973,234","9,094,819 ",Europe,35840,"4,575",5,"48,668"
30,Peru,"3,542,602",,"211,944 ",,N/A,N/A,N/A,575,"104,929","6,278","28,300,965","838,251","33,761,937 ",South America,101591,,,"47,687"
31,Portugal,"3,458,727",,"21,408 ",,N/A,N/A,N/A,66,"340,911","2,110","39,624,193","3,905,573","10,145,552 ",Europe,34740,,,"55,309"
32,Thailand,"3,450,980","+27,024","24,582 ",+82,"3,186,052","+23,721","240,346","1,496","49,228",351,"17,270,775","246,369","70,101,352 ",Asia,"202,8524",385,1,"3,429"
33,Canada,"3,420,292",,"37,286 ",,"3,255,833",,"127,173",409,"89,276",973,"59,103,163","1,542,700","38,311,500 ",North America,"111,0281",,,"3,319"
34,Chile,"3,415,989",,"55,992 ",,"2,821,559",,"538,438",744,"176,095","2,886","34,893,207","1,798,756","19,398,525 ",South America,63461,,,"27,757"
35,Switzerland,"3,364,107",,"13,603 ",,"2,674,302",,"676,202",159,"383,876","1,552","19,955,835","2,277,148","8,763,521 ",Europe,36440,,,"77,161"
36,Denmark,"2,878,831",,"5,486 ",,"2,764,395",,"108,950",27,"494,025",941,"126,608,338","21,726,762","5,827,299 ",Europe,"21,0620",,,"18,696"
37,Greece,"2,861,993",,"27,083 ",,"2,577,597",,"257,313",338,"276,910","2,620","71,992,674","6,965,604","10,335,453 ",Europe,43820,,,"24,896"
38,Romania,"2,827,936",,"64,789 ",,"2,606,660",,"156,487",431,"148,707","3,407","21,857,638","1,149,381","19,016,885 ",Europe,72941,,,"8,229"
39,Sweden,"2,475,687",,"18,020 ",,"2,413,574",,"44,093",32,"242,533","1,765","18,382,831","1,800,893","10,207,618 ",Europe,45661,,,"4,320"
40,Iraq,"2,316,758",,"25,134 ",,"2,276,119",,"15,505",68,"55,459",602,"18,257,537","437,051","41,774,432 ",Asia,"181,6622",,,371
41,Serbia,"1,962,013",,"15,718 ",,"1,908,271",,"38,024",43,"226,121","1,811","9,076,734","1,046,091","8,676,815 ",Europe,45521,,,"4,382"
42,Bangladesh,"1,950,980",,"29,118 ",,"1,873,766",,"48,096","1,264","11,647",174,"13,750,604","82,087","167,512,227 ",Asia,"865,75312",,,287
43,Hungary,"1,836,919","+2,651","45,220 ",+35,"1,689,460","+3,141","102,239",71,"190,985","4,702","11,040,273","1,147,859","9,618,144 ",Europe,52131,276,4,"10,630"
44,Jordan,"1,689,314",,"14,003 ",,"1,668,852",,"6,459",276,"162,788","1,349","16,575,546","1,597,273","10,377,400 ",Asia,67411,,,622
45,Slovakia,"1,666,482","+9,649","19,209 ",+24,"1,527,325","+12,042","119,948",203,"304,982","3,515","6,782,808","1,241,319","5,464,192 ",Europe,32841,"1,766",4,"21,952"
46,Georgia,"1,644,711",+599,"16,688 ",+7,"1,608,441","+3,846","19,582",,"413,661","4,197","16,262,859","4,090,266","3,975,991 ",Asia,22380,151,2,"4,925"
47,Pakistan,"1,523,072",+210,"30,333 ",,"1,484,676",+180,"8,063",445,"6,672",133,"27,268,079","119,456","228,268,399 ",Asia,"1507,5258",0.9,,35
48,Ireland,"1,404,929",,"6,685 ",,"1,270,093",,"128,151",55,"279,161","1,328","11,670,408","2,318,927","5,032,676 ",Europe,47530,,,"25,464"
49,Norway,"1,390,035",,"2,339 ",,N/A,N/A,N/A,20,"253,001",426,"9,852,076","1,793,185","5,494,177 ",Europe,"42,3491",,,"236,386"
50,Kazakhstan,"1,304,961",+12,"13,656 ",,"1,285,329",+229,"5,976",528,"68,098",713,"11,575,012","604,027","19,163,085 ",Asia,"151,4032",0.6,,312
51,Morocco,"1,162,686",,"16,055 ",,"1,146,060",,571,293,"30,871",426,"11,237,010","298,355","37,663,197 ",Africa,"322,3463",,,15
52,Bulgaria,"1,129,641",,"36,375 ",,"902,012",,"191,254",233,"164,708","5,304","9,511,193","1,386,785","6,858,449 ",Europe,61891,,,"27,886"
53,Lebanon,"1,089,419",,"10,263 ",,"1,039,011",,"40,145",186,"160,851","1,515","4,795,578","708,059","6,772,853 ",Asia,66601,,,"5,927"
54,Hong Kong,"1,088,150",,"6,569 ",,N/A,N/A,N/A,115,"143,147",864,"36,260,319","4,770,072","7,601,629 ",Asia,"71,1570",,,"140,542"
55,Croatia,"1,087,635",,"15,476 ",,"1,061,446",,"10,713",43,"267,778","3,810","4,636,561","1,141,530","4,061,708 ",Europe,42621,,,"2,638"
56,Cuba,"1,083,691",,"8,508 ",,"1,071,691",,"3,492",23,"95,777",752,"12,920,253","1,141,898","11,314,720 ",North America,"101,3301",,,309
57,Singapore,"1,044,661",,"1,220 ",,"1,009,408",,"34,033",18,"176,180",206,"23,477,384","3,959,417","5,929,506 ",Asia,"64,8600",,,"5,740"
58,Tunisia,"1,033,731",,"28,165 ",,N/A,N/A,N/A,63,"85,920","2,341","4,500,701","374,080","12,031,377 ",Africa,124273,,,-46.05
59,Lithuania,"1,006,330","+3,723","8,788 ",+15,"928,106","+4,982","69,436",62,"378,755","3,308","8,006,870","3,013,564","2,656,944 ",Europe,33020,"1,401",6,"26,134"
60,Nepal,"978,265",,"11,951 ",,"963,861",,"2,453",100,"32,567",398,"5,517,174","183,673","30,038,097 ",Asia,"312,5135",,,82
61,Belarus,"953,901",,"6,747 ",,"928,536",,"18,618",,"101,006",714,"12,758,181","1,350,933","9,443,975 ",Europe,"101,4001",,,"1,971"
62,Slovenia,"946,340",,"6,454 ",,"903,596",,"36,290",55,"455,096","3,104","2,603,388","1,251,972","2,079,430 ",Europe,23221,,,"17,452"
63,Bolivia,"900,260",,"21,483 ",,"822,138",,"56,639",220,"75,355","1,798","2,682,016","224,494","11,946,927 ",South America,135564,,,"4,741"
64,UAE,"888,718",,"2,302  ",,"859,713",,"26,703",,"88,027",228,"145,740,412","14,435,495","10,095,976 ",Asia,"114,3860",,,"2,645"
65,Uruguay,"879,618",,"7,144 ",,"862,769",,"9,705",43,"251,719","2,044","5,924,427","1,695,384","3,494,445 ",South America,44891,,,"2,777"
66,Ecuador,"854,252",,"35,410 ",,N/A,N/A,N/A,759,"47,186","1,956","2,470,170","136,444","18,103,877 ",South America,215117,,,"20,712"
67,Finland,"834,038","+12,502","2,951 ",+3,"46,000",,"785,087",40,"150,128",531,"10,316,301","1,856,942","5,555,531 ",Europe,"71,8831","2,250",0.5,"141,316"
68,Costa Rica,"832,966",,"8,261 ",,"780,034",,"44,671",66,"160,986","1,597","3,913,872","756,428","5,174,150 ",North America,66261,,,"8,633"
69,Guatemala,"820,477",,"17,258 ",,"787,798",,"15,421",5,"44,385",934,"4,169,134","225,535","18,485,518 ",North America,"231,0714",,,834
70,Azerbaijan,"791,583",,"9,670 ",,"781,303",,610,,"76,879",939,"6,673,982","648,185","10,296,412 ",Asia,"131,0652",,,59
71,Latvia,"784,155","+3,324","5,559 ",+21,"721,486","+7,042","57,110",32,"423,794","3,004","7,008,915","3,787,945","1,850,321 ",Europe,23330,"1,796",11,"30,865"
72,Panama,"762,394",,"8,159 ",,"751,640",,"2,595",10,"172,036","1,841","5,652,768","1,275,560","4,431,596 ",North America,65431,,,586
73,Saudi Arabia,"750,080",+115,"9,034 ",+1,"732,741",+145,"8,305",146,"20,983",253,"41,436,288","1,159,172","35,746,440 ",Asia,"483,9571",3,0.03,232
74,Sri Lanka,"660,151",,"16,445 ",,"624,863",,"18,843",,"30,608",762,"6,368,159","295,263","21,567,736 ",Asia,"331,3123",,,874
75,Paraguay,"647,538",,"18,606 ",,"623,705",,"5,227",48,"88,908","2,555","2,577,147","353,845","7,283,259 ",South America,113913,,,718
76,Kuwait,"627,753",,"2,553 ",,"622,842",,"2,358",10,"143,348",583,"7,763,313","1,772,766","4,379,209 ",Asia,"71,7151",,,538
77,Myanmar,"609,915",,"19,428 ",,"566,375",,"24,112",,"11,082",353,"7,548,638","137,155","55,037,395 ",Asia,"902,8337",,,438
78,Palestine,"580,873",,"5,345 ",,"574,144",,"1,384",17,"109,489","1,007","3,078,533","580,274","5,305,310 ",Asia,99932,,,261
79,Dominican Republic,"577,476",,"4,375 ",,"572,674",,427,24,"52,331",396,"3,202,322","290,195","11,035,066 ",North America,"192,5223",,,39
80,New Zealand,"557,330","+18,491",192 ,+8,"438,269","+19,603","118,869",,"111,419",38,"6,899,840","1,379,389","5,002,100 ",Australia/Oceania,"926,0531","3,697",2,"23,764"
81,Estonia,"548,333","+1,449","2,423 ",+5,"463,737","+3,478","82,173",14,"412,880","1,824","3,219,347","2,424,079","1,328,070 ",Europe,25480,"1,091",4,"61,874"
82,Bahrain,"547,951",,"1,466 ",,"538,002",,"8,483",5,"303,876",813,"9,563,356","5,303,526","1,803,207 ",Asia,"31,2300",,,"4,704"
83,Venezuela,"519,872",,"5,673 ",,"511,803",,"2,396",230,"18,372",200,"3,359,014","118,704","28,297,306 ",South America,"544,9888",,,85
84,Moldova,"511,231",,"11,401 ",,"496,239",,"3,591",60,"127,241","2,838","3,125,532","777,915","4,017,831 ",Europe,83521,,,894
85,Libya,"501,379",+83,"6,392 ",+3,"488,723",+316,"6,264",107,"71,299",909,"2,467,798","350,937","7,032,023 ",Africa,"141,1003",12,0.4,891
86,Egypt,"500,889",,"24,361 ",,"430,198",,"46,330",122,"4,741",231,"3,693,367","34,957","105,653,747 ",Africa,"2114,33729",,,439
87,Ethiopia,"469,523",,"7,491 ",,"427,324",,"34,708",17,"3,917",62,"4,615,990","38,512","119,859,304 ",Africa,"25516,00026",,,290
88,Mongolia,"467,781",+55,"2,177 ",,"313,256",,"152,348",192,"138,845",646,"4,030,048","1,196,182","3,369,094 ",Asia,"71,5481",16,,"45,219"
89,Armenia,"422,401",+19,"8,604 ",+1,"409,635",+47,"4,162",,"142,090","2,894","2,959,560","995,555","2,972,773 ",Asia,73461,6,0.3,"1,400"
90,Honduras,"418,492",,"10,869 ",,"131,100",,"276,523",105,"41,127","1,068","1,263,329","124,153","10,175,561 ",North America,249368,,,"27,175"
91,Cyprus,"392,019",,927 ,,"124,370",,"266,722",60,"320,675",758,"9,477,138","7,752,381","1,222,481 ",Asia,"31,3190",,,"218,181"
92,Oman,"387,922",+93,"4,250 ",,"381,949",+192,"1,723",15,"72,782",797,"25,000,000","4,690,520","5,329,899 ",Asia,"141,2540",17,,323
93,Bosnia and Herzegovina,"374,573",,"15,691 ",,"192,218",,"166,664",,"115,406","4,834","1,728,874","532,665","3,245,707 ",Europe,92072,,,"51,349"
94,Qatar,"360,497",+115,677 ,,"358,686",+112,"1,134",1,"128,391",241,"3,403,146","1,212,031","2,807,805 ",Asia,"84,1471",41,,404
95,Réunion,"327,189",,702 ,,"314,338",,"12,149",41,"361,014",775,"1,569,429","1,731,677","906,306 ",Africa,"31,2911",,,"13,405"
96,Kenya,"323,319",,"5,647 ",,"317,581",,91,1,"5,793",101,"3,482,807","62,407","55,807,883 ",Africa,"1739,88316",,,2
97,Zambia,"316,190",,"3,964 ",,"311,348",,878,1,"16,409",206,"3,338,247","173,245","19,268,949 ",Africa,"614,8616",,,46
98,North Macedonia,"304,047",,"9,188 ",,"292,886",,"1,973",,"145,950","4,410","1,904,444","914,180","2,083,227 ",Europe,72271,,,947
99,Albania,"273,164",,"3,489 ",,"269,256",,419,13,"95,100","1,215","1,769,904","616,178","2,872,390 ",Europe,118232,,,146
100,Algeria,"265,585",,"6,873 ",,"178,214",,"80,498",7,"5,874",152,"230,861","5,106","45,212,869 ",Africa,"1706,578196",,,"1,780"
101,Botswana,"263,950",,"2,619 ",,"259,434",,"1,897",1,"108,475","1,076","2,026,898","832,991","2,433,278 ",Africa,99291,,,780
102,Nigeria,"255,244",,"3,142 ",,"249,486",,"2,616",11,"1,188",15,"4,726,096","21,990","214,923,333 ",Africa,"84268,40345",,,12
103,Zimbabwe,"245,194",,"5,432 ",,"235,505",,"4,257",12,"16,094",357,"2,167,273","142,255","15,235,096 ",Africa,"622,8057",,,279
104,Uzbekistan,"237,533",+6,"1,637 ",,"235,224",+37,672,23,"6,924",48,"1,377,915","40,168","34,303,572 ",Asia,"14420,95525",0.2,,20
105,Montenegro,"232,462",,"2,696 ",,"229,046",,720,6,"370,043","4,292","1,201,149","1,912,040","628,203 ",Europe,32331,,,"1,146"
106,Mozambique,"225,220",,"2,200 ",,"222,045",,975,13,"6,875",67,"1,290,853","39,403","32,760,632 ",Africa,"14514,89125",,,30
107,Luxembourg,"203,861",,"1,019 ",,"187,598",,"15,244",4,"316,803","1,584","4,131,847","6,420,957","643,494 ",Europe,36310,,,"23,689"
108,Kyrgyzstan,"200,847",+11,"2,982 ",,"196,129",+16,"1,736",131,"29,935",444,"1,907,195","284,260","6,709,331 ",Asia,"332,2504",2,,259
109,Afghanistan,"177,321",,"7,657 ",,"160,402",,"9,262","1,124","4,385",189,"914,608","22,619","40,435,772 ",Asia,"2285,28144",,,229
110,Iceland,"176,179",,93 ,,"75,685",,"100,401",3,"510,584",270,"1,864,426","5,403,288","345,054 ",Europe,"23,7100",,,"290,972"
111,Maldives,"174,658",,297 ,,"163,687",,"10,674",25,"313,615",533,"2,213,831","3,975,147","556,918 ",Asia,"31,8750",,,"19,166"
#,"Country,Other",TotalCases,NewCases,TotalDeaths,NewDeaths,TotalRecovered,NewRecovered,ActiveCases,"Serious,Critical",Tot Cases/1M pop,Deaths/1M pop,TotalTests,Tests/,1M pop,,Population,Continent,1 Caseevery X ppl1 Deathevery X ppl1 Testevery X ppl,New Cases/1M pop,New Deaths/1M pop,Active Cases/1M pop
1,USA,"81,565,957",,"1,002,259 ",,"63,824,394",,"16,739,304","2,663","243,956","2,998","976,855,043","2,921,675","334,347,663 ",North America,43340,,,"50,066"
2,India,"43,016,372",,"516,785 ",,"42,478,087",,"21,500","8,944","30,652",368,"785,644,225","559,821","1,403,383,978 ",Asia,"332,7162",,,15
3,Brazil,"29,767,681",,"658,367 ",,"28,407,457",,"701,857","8,318","138,349","3,060","63,776,166","296,408","215,163,281 ",South America,73273,,,"3,262"
4,France,"24,636,311",,"141,443 ",,"22,816,877",,"1,677,991","1,564","375,998","2,159","254,106,036","3,878,153","65,522,434 ",Europe,34630,,,"25,609"
5,UK,"20,613,817",,"164,282 ",,"18,758,225",,"1,691,310",302,"300,929","2,398","499,886,168","7,297,547","68,500,576 ",Europe,34170,,,"24,690"
6,Germany,"19,741,719",,"128,457 ",,"15,518,700","+189,700","4,094,562","2,494","234,335","1,525","104,701,826","1,242,816","84,245,647 ",Europe,46561,,,"48,603"
7,Russia,"17,715,390","+25,382","366,618 ",+398,"16,545,758","+61,860","803,014","2,300","121,303","2,510","273,400,000","1,872,060","146,042,306 ",Europe,83981,174,3,"5,499"
8,Turkey,"14,760,331",,"97,598 ",,"14,404,817",,"257,916",975,"171,826","1,136","151,858,785","1,767,797","85,902,862 ",Asia,68801,,,"3,002"
9,Italy,"14,153,098",,"158,436 ",,"12,748,859",,"1,245,803",447,"234,678","2,627","197,631,659","3,277,006","60,308,605 ",Europe,43810,,,"20,657"
10,Spain,"11,378,784",,"102,053 ",,"10,707,169",,"569,562",682,"243,209","2,181","471,036,328","10,067,893","46,785,988 ",Europe,44580,,,"12,174"
11,S. Korea,"11,162,232","+339,396","14,294 ",+392,N/A,N/A,N/A,"1,085","217,396",278,"15,804,065","307,800","51,345,227 ",Asia,"53,5923","6,610",8,"198,235"
12,Argentina,"9,021,240",,"127,780 ",,"8,827,814",,"65,646",664,"196,496","2,783","35,209,764","766,923","45,910,441 ",South America,53591,,,"1,430"
13,Vietnam,"8,599,751",,"42,145 ",,"4,826,024",,"3,731,582","3,650","87,000",426,"83,048,614","840,166","98,847,807 ",Asia,"112,3451",,,"37,751"
14,Netherlands,"7,665,726",,"21,851 ",,"6,131,356",,"1,512,519",151,"445,676","1,270","21,107,399","1,227,159","17,200,213 ",Europe,27871,,,"87,936"
15,Iran,"7,145,877",,"139,865 ",,"6,842,103",,"163,909","1,753","83,241","1,629","48,991,010","570,690","85,845,294 ",Asia,126142,,,"1,909"
16,Japan,"6,238,879","+49,063","27,485 ",+129,"5,770,149","+42,125","441,245",733,"49,590",218,"42,521,015","337,980","125,809,201 ",Asia,"204,5773",390,1,"3,507"
17,Colombia,"6,082,577",,"139,531 ",,"5,915,073",,"27,973",342,"117,385","2,693","33,766,171","651,637","51,817,422 ",South America,93712,,,540
18,Indonesia,"5,986,830",,"154,343 ",,"5,676,510",,"155,977","2,771","21,496",554,"91,035,716","326,870","278,507,531 ",Asia,"471,8043",,,560
19,Poland,"5,933,107","+8,241","114,736 ",+110,"5,277,322","+7,325","541,049",358,"157,064","3,037","35,344,642","935,658","37,775,174 ",Europe,63291,218,3,"14,323"
20,Mexico,"5,643,963","+3,658","322,432 ",+155,"4,941,341","+3,699","380,190","4,798","42,996","2,456","15,490,465","118,007","131,266,967 ",North America,234078,28,1,"2,896"
21,Ukraine,"4,949,283",,"107,779 ",,N/A,N/A,N/A,177,"114,352","2,490","19,521,252","451,035","43,280,972 ",Europe,94022,,,"18,102"
22,Australia,"4,180,377","+58,235","5,850 ",+26,"3,691,688",,"482,839",96,"160,724",225,"65,815,062","2,530,406","26,009,686 ",Australia/Oceania,"64,4460","2,239",1.0,"18,564"
23,Malaysia,"4,079,242",,"34,664 ",,"3,796,975",,"247,603",321,"123,313","1,048","54,258,550","1,640,197","33,080,501 ",Asia,89541,,,"7,485"
24,Israel,"3,818,065",,"10,455 ",,"3,734,564",,"73,046",301,"409,400","1,121","41,373,364","4,436,346","9,326,000 ",Asia,28920,,,"7,833"
25,Czechia,"3,776,874","+7,174","39,495 ",+12,"3,662,938","+13,129","74,441",103,"351,559","3,676","54,521,816","5,074,997","10,743,221 ",Europe,32720,668,1,"6,929"
26,Belgium,"3,771,233","+13,457","30,662 ",+27,"3,489,933","+8,326","250,638",172,"322,975","2,626","32,594,459","2,791,446","11,676,549 ",Europe,33810,"1,152",2,"21,465"
27,South Africa,"3,709,209",,"99,932 ",,"3,595,512",,"13,765",546,"61,211","1,649","23,676,087","390,713","60,597,103 ",Africa,166063,,,227
28,Philippines,"3,675,821",,"58,771 ",,"3,572,477",,"44,573",289,"32,792",524,"28,781,758","256,764","112,094,015 ",Asia,"301,9074",,,398
29,Austria,"3,627,093",,"15,579 ",,"3,168,886",,"442,628",233,"398,803","1,713","172,558,127","18,972,942","9,094,959 ",Europe,35840,,,"48,667"
30,Peru,"3,543,790",,"212,022 ",,N/A,N/A,N/A,527,"104,960","6,280","28,399,228","841,130","33,763,193 ",South America,101591,,,"47,718"
31,Thailand,"3,477,030","+26,050","24,651 ",+69,"3,208,271","+22,219","244,108","1,496","49,600",352,"17,270,775","246,367","70,101,829 ",Asia,"202,8444",372,1.0,"3,482"
32,Portugal,"3,458,727",,"21,408 ",,N/A,N/A,N/A,66,"340,913","2,110","39,624,193","3,905,604","10,145,471 ",Europe,34740,,,"55,310"
33,Canada,"3,429,843",,"37,360 ",,"3,260,385",,"132,098",409,"89,523",975,"59,142,418","1,543,689","38,312,403 ",North America,"111,0251",,,"3,448"
34,Chile,"3,426,147",,"56,147 ",,"2,839,784",,"530,216",735,"176,615","2,894","34,996,788","1,804,054","19,398,973 ",South America,63461,,,"27,332"
35,Switzerland,"3,386,428",,"13,635 ",,"2,693,876",,"678,917",162,"386,416","1,556","20,493,186","2,338,419","8,763,693 ",Europe,36430,,,"77,469"
36,Greece,"2,884,100",,"27,125 ",,"2,596,545",,"260,430",344,"279,053","2,624","72,252,783","6,990,865","10,335,314 ",Europe,43810,,,"25,198"
37,Denmark,"2,883,937",,"5,518 ",,"2,777,866",,"100,553",20,"494,896",947,"126,636,126","21,731,322","5,827,355 ",Europe,"21,0560",,,"17,255"
38,Romania,"2,832,024",,"64,826 ",,"2,606,660",,"160,538",428,"148,924","3,409","21,892,597","1,151,240","19,016,536 ",Europe,72931,,,"8,442"
39,Sweden,"2,481,736",,"18,155 ",,"2,416,719",,"46,862",32,"243,122","1,779","18,382,831","1,800,863","10,207,790 ",Europe,45621,,,"4,591"
40,Iraq,"2,317,128",,"25,138 ",,"2,277,125",,"14,865",68,"55,464",602,"18,267,885","437,272","41,776,904 ",Asia,"181,6622",,,356
41,Serbia,"1,964,129",,"15,727 ",,"1,909,900",,"38,502",39,"226,368","1,813","9,093,179","1,047,997","8,676,719 ",Europe,45521,,,"4,437"
42,Bangladesh,"1,951,072",,"29,118 ",,"1,874,880",,"47,074","1,264","11,647",174,"13,762,715","82,157","167,516,707 ",Asia,"865,75312",,,281
43,Hungary,"1,839,358","+2,439","45,258 ",+38,"1,693,393","+3,933","100,707",70,"191,240","4,706","11,053,112","1,149,202","9,618,077 ",Europe,52131,254,4,"10,471"
44,Jordan,"1,689,314",,"14,003 ",,"1,668,852",,"6,459",276,"162,783","1,349","16,575,546","1,597,231","10,377,676 ",Asia,67411,,,622
45,Slovakia,"1,674,586","+8,104","19,229 ",+20,"1,537,224","+9,899","118,133",186,"306,465","3,519","6,798,172","1,244,129","5,464,200 ",Europe,32841,"1,483",4,"21,619"
46,Georgia,"1,645,301",+590,"16,698 ",+10,"1,611,688","+3,247","16,915",,"413,811","4,200","16,283,777","4,095,548","3,975,970 ",Asia,22380,148,3,"4,254"
47,Pakistan,"1,523,401",+329,"30,336 ",+3,"1,484,718",+42,"8,347",446,"6,673",133,"27,297,869","119,581","228,280,137 ",Asia,"1507,5258",1,0.01,37
48,Ireland,"1,413,798",,"6,693 ",,"1,273,365",,"133,740",53,"280,915","1,330","11,692,937","2,323,334","5,032,827 ",Europe,47520,,,"26,574"
49,Norway,"1,393,061",,"2,339 ",,N/A,N/A,N/A,20,"253,547",426,"9,852,076","1,793,148","5,494,292 ",Europe,"42,3491",,,"236,931"
50,Kazakhstan,"1,304,983",+22,"13,657 ",+1,"1,285,974",+645,"5,352",528,"68,097",713,"11,575,012","604,007","19,163,698 ",Asia,"151,4032",1,0.05,279
51,Morocco,"1,162,764",,"16,056 ",,"1,146,137",,571,293,"30,872",426,"11,237,010","298,346","37,664,392 ",Africa,"322,3463",,,15
52,Bulgaria,"1,131,065",,"36,396 ",,"904,636",,"190,033",241,"164,919","5,307","9,524,020","1,388,684","6,858,307 ",Europe,61881,,,"27,708"
53,Hong Kong,"1,101,224",,"6,770 ",,N/A,N/A,N/A,115,"144,864",891,"36,260,319","4,769,968","7,601,795 ",Asia,"71,1230",,,"142,232"
54,Lebanon,"1,089,830",,"10,267 ",,"1,042,985",,"36,578",186,"160,913","1,516","4,795,578","708,067","6,772,770 ",Asia,66601,,,"5,401"
55,Croatia,"1,089,696",,"15,485 ",,"1,062,763",,"11,448",41,"268,290","3,813","4,643,518","1,143,262","4,061,639 ",Europe,42621,,,"2,819"
56,Cuba,"1,084,568",,"8,508 ",,"1,072,515",,"3,545",23,"95,855",752,"12,920,253","1,141,900","11,314,701 ",North America,"101,3301",,,313
57,Singapore,"1,053,139",,"1,226 ",,"1,009,408",,"42,505",24,"177,606",207,"23,477,384","3,959,333","5,929,631 ",Asia,"64,8370",,,"7,168"
58,Tunisia,"1,033,731",,"28,165 ",,N/A,N/A,N/A,63,"85,917","2,341","4,500,701","374,070","12,031,715 ",Africa,124273,,,-46.04
59,Lithuania,"1,009,756","+3,314","8,804 ",+13,"932,357","+4,408","68,595",66,"380,059","3,314","8,016,908","3,017,459","2,656,841 ",Europe,33020,"1,247",5,"25,818"
60,Nepal,"978,297",,"11,951 ",,"964,127",,"2,219",100,"32,567",398,"5,521,055","183,793","30,039,531 ",Asia,"312,5145",,,74
61,Belarus,"955,600",,"6,759 ",,"928,536",,"20,305",,"101,186",716,"12,775,372","1,352,755","9,443,966 ",Europe,"101,3971",,,"2,150"
62,Slovenia,"949,640",,"6,461 ",,"905,924",,"37,255",50,"456,683","3,107","2,605,303","1,252,893","2,079,430 ",Europe,23221,,,"17,916"
63,Bolivia,"900,845",+288,"21,487 ",+3,"825,786","+1,866","53,572",220,"75,401","1,798","2,682,016","224,486","11,947,363 ",South America,135564,24,0.3,"4,484"
64,UAE,"889,108",,"2,302 ",,"860,513",,"26,293",,"88,063",228,"146,055,747","14,466,262","10,096,302 ",Asia,"114,3860",,,"2,604"
65,Uruguay,"881,152",,"7,147 ",,"864,614",,"9,391",40,"252,156","2,045","5,938,278","1,699,332","3,494,477 ",South America,44891,,,"2,687"
66,Ecuador,"855,314",,"35,413 ",,N/A,N/A,N/A,759,"47,243","1,956","2,470,170","136,439","18,104,609 ",South America,215117,,,"20,769"
67,Finland,"844,713","+10,675","2,985 ",+34,"46,000",,"795,728",32,"152,048",537,"10,331,340","1,859,642","5,555,554 ",Europe,"71,8611","1,922",6,"143,231"
68,Costa Rica,"833,909",,"8,263 ",,"786,453",,"39,193",72,"161,164","1,597","3,913,872","756,409","5,174,277 ",North America,66261,,,"7,575"
69,Guatemala,"821,834",,"17,267 ",,"790,080",,"14,487",5,"44,456",934,"4,180,812","226,156","18,486,425 ",North America,"221,0714",,,784
70,Azerbaijan,"791,604",,"9,672 ",,"781,394",,538,,"76,880",939,"6,676,788","648,442","10,296,661 ",Asia,"131,0652",,,52
71,Latvia,"786,974","+2,819","5,569 ",+10,"721,486",,"59,919",32,"425,331","3,010","7,016,881","3,792,367","1,850,264 ",Europe,23320,"1,524",5,"32,384"
72,Panama,"762,735",,"8,160 ",,"751,821",,"2,754",10,"172,106","1,841","5,659,857","1,277,106","4,431,782 ",North America,65431,,,621
73,Saudi Arabia,"750,080",,"9,034 ",,"732,741",,"8,305",146,"20,982",253,"41,436,288","1,159,124","35,747,922 ",Asia,"483,9571",,,232
74,Sri Lanka,"660,399",,"16,450 ",,"637,011",,"6,938",,"30,619",763,"6,368,159","295,260","21,567,981 ",Asia,"331,3113",,,322
75,Paraguay,"647,672",,"18,608 ",,"623,980",,"5,084",45,"88,923","2,555","2,579,054","354,095","7,283,499 ",South America,113913,,,698
76,Kuwait,"628,130",,"2,553 ",,"623,331",,"2,246",10,"143,429",583,"7,763,313","1,772,696","4,379,382 ",Asia,"71,7151",,,513
77,Myanmar,"610,176",,"19,428 ",,"566,838",,"23,910",,"11,086",353,"7,560,882","137,375","55,038,390 ",Asia,"902,8337",,,434
78,Palestine,"580,873",,"5,345 ",,"574,144",,"1,384",17,"109,482","1,007","3,078,533","580,238","5,305,634 ",Asia,99932,,,261
79,Dominican Republic,"577,673",,"4,375 ",,"572,853",,445,24,"52,347",396,"3,208,952","290,788","11,035,363 ",North America,"192,5223",,,40
80,New Zealand,"573,244","+15,914",201 ,+9,"452,418","+14,149","120,625",,"114,601",40,"6,902,982","1,380,017","5,002,100 ",Australia/Oceania,"924,8861","3,181",2,"24,115"
81,Estonia,"549,793","+1,462","2,429 ",+6,"466,612","+2,875","80,752",14,"413,978","1,829","3,223,248","2,427,013","1,328,072 ",Europe,25470,"1,101",5,"60,804"
82,Bahrain,"548,866",,"1,466 ",,"539,213",,"8,187",7,"304,356",813,"9,569,757","5,306,597","1,803,370 ",Asia,"31,2300",,,"4,540"
83,Venezuela,"519,943",,"5,674 ",,"512,090",,"2,179",230,"18,374",201,"3,359,014","118,705","28,297,087 ",South America,"544,9878",,,77
84,Moldova,"511,231",,"11,401 ",,"496,239",,"3,591",60,"127,241","2,838","3,125,532","777,920","4,017,805 ",Europe,83521,,,894
85,Libya,"501,379",,"6,392 ",,"488,723",,"6,264",107,"71,297",909,"2,467,798","350,924","7,032,278 ",Africa,"141,1003",,,891
86,Egypt,"500,889",,"24,361 ",,"430,198",,"46,330",122,"4,741",231,"3,693,367","34,956","105,659,029 ",Africa,"2114,33729",,,438
87,Ethiopia,"469,544",,"7,491 ",,"429,269",,"32,784",16,"3,917",62,"4,622,381","38,563","119,867,108 ",Africa,"25516,00126",,,274
88,Mongolia,"467,884",+103,"2,177 ",,"313,256",,"152,451",192,"138,869",646,"4,030,048","1,196,130","3,369,238 ",Asia,"71,5481",31,,"45,248"
89,Armenia,"422,423",+22,"8,607 ",+3,"409,693",+58,"4,123",,"142,097","2,895","2,961,990","996,368","2,972,788 ",Asia,73451,7,1,"1,387"
90,Honduras,"418,492",,"10,869 ",,"131,100",,"276,523",105,"41,125","1,068","1,263,329","124,148","10,175,991 ",North America,249368,,,"27,174"
91,Cyprus,"397,205",,927 ,,"124,370",,"271,908",60,"324,911",758,"9,477,138","7,752,228","1,222,505 ",Asia,"31,3190",,,"222,419"
92,Oman,"387,922",,"4,250 ",,"381,949",,"1,723",15,"72,777",797,"25,000,000","4,690,207","5,330,255 ",Asia,"141,2540",,,323
93,Bosnia and Herzegovina,"374,696",,"15,695 ",,"192,218",,"166,783",,"115,446","4,836","1,729,817","532,965","3,245,651 ",Europe,92072,,,"51,387"
94,Qatar,"360,497",,677 ,,"358,686",,"1,134",1,"128,391",241,"3,403,146","1,212,031","2,807,805 ",Asia,"84,1471",,,404
95,Réunion,"327,189",,702 ,,"314,338",,"12,149",41,"361,007",775,"1,569,429","1,731,644","906,323 ",Africa,"31,2911",,,"13,405"
96,Kenya,"323,333",,"5,647 ",,"317,581",,105,1,"5,793",101,"3,487,114","62,481","55,811,127 ",Africa,"1739,88316",,,2
97,Zambia,"316,312",,"3,965 ",,"311,481",,866,1,"16,414",206,"3,341,351","173,393","19,270,361 ",Africa,"614,8606",,,45
98,North Macedonia,"304,326",,"9,191 ",,"293,171",,"1,964",,"146,084","4,412","1,904,444","914,180","2,083,227 ",Europe,72271,,,943
99,Albania,"273,257",,"3,489 ",,"269,307",,461,13,"95,133","1,215","1,770,982","616,555","2,872,382 ",Europe,118232,,,160
100,Algeria,"265,599",,"6,873 ",,"178,225",,"80,501",7,"5,874",152,"230,861","5,106","45,215,035 ",Africa,"1706,579196",,,"1,780"
101,Botswana,"263,950",,"2,619 ",,"259,434",,"1,897",1,"108,469","1,076","2,026,898","832,946","2,433,408 ",Africa,99291,,,780
102,Nigeria,"255,244",,"3,142 ",,"249,486",,"2,616",11,"1,188",15,"4,726,096","21,988","214,937,335 ",Africa,"84268,40845",,,12
103,Zimbabwe,"245,467",,"5,434 ",,"236,096",,"3,937",12,"16,111",357,"2,170,726","142,476","15,235,687 ",Africa,"622,8047",,,258
104,Uzbekistan,"237,542",+9,"1,637 ",,"235,265",+41,640,23,"6,924",48,"1,377,915","40,167","34,304,898 ",Asia,"14420,95625",0.3,,19
105,Montenegro,"232,561",,"2,698 ",,"229,156",,707,6,"370,200","4,295","1,202,443","1,914,099","628,203 ",Europe,32331,,,"1,125"
106,Mozambique,"225,223",,"2,200 ",,"222,045",,978,13,"6,874",67,"1,291,515","39,420","32,763,034 ",Africa,"14514,89225",,,30
107,Luxembourg,"206,044",,"1,023 ",,"188,669",,"16,352",3,"320,182","1,590","4,137,106","6,428,849","643,522 ",Europe,36290,,,"25,410"
108,Kyrgyzstan,"200,857",+10,"2,983 ",+1,"196,143",+14,"1,731",131,"29,936",445,"1,907,195","284,248","6,709,625 ",Asia,"332,2494",1,0.1,258
109,Afghanistan,"177,321",,"7,657 ",,"160,402",,"9,262","1,124","4,385",189,"914,608","22,617","40,438,174 ",Asia,"2285,28144",,,229
110,Iceland,"177,015",,95 ,,"75,685",,"101,235",2,"512,998",275,"1,868,488","5,414,966","345,060 ",Europe,"23,6320",,,"293,384"
111,Maldives,"174,658",,297 ,,"163,687",,"10,674",25,"313,601",533,"2,213,831","3,974,962","556,944 ",Asia,"31,8750",,,"19,165"
112,Laos,"164,078","+2,212",654 ,+2,"7,660",,"155,764",,"22,002",88,"1,012,890","135,823","7,457,452 ",Asia,"4511,4037",297,0.3,"20,887"
#,"Country,Other",TotalCases,NewCases,TotalDeaths,NewDeaths,TotalRecovered,NewRecovered,ActiveCases,"Serious,Critical",Tot Cases/1M pop,Deaths/1M pop,TotalTests,Tests/,1M pop,,Population,Continent,1 Caseevery X ppl1 Deathevery X ppl1 Testevery X ppl,New Cases/1M pop,New Deaths/1M pop,Active Cases/1M pop
1,USA,"81,565,957",,"1,002,259 ",,"63,824,394",,"16,739,304","2,663","243,956","2,998","976,855,043","2,921,675","334,347,663 ",North America,43340,,,"50,066"
2,India,"43,016,372",,"516,785 ",,"42,478,087",,"21,500","8,944","30,652",368,"785,644,225","559,821","1,403,383,978 ",Asia,"332,7162",,,15
3,Brazil,"29,767,681",,"658,367 ",,"28,407,457",,"701,857","8,318","138,349","3,060","63,776,166","296,408","215,163,281 ",South America,73273,,,"3,262"
4,France,"24,636,311",,"141,443 ",,"22,816,877",,"1,677,991","1,564","375,998","2,159","254,106,036","3,878,153","65,522,434 ",Europe,34630,,,"25,609"
5,UK,"20,613,817",,"164,282 ",,"18,758,225",,"1,691,310",302,"300,929","2,398","499,886,168","7,297,547","68,500,576 ",Europe,34170,,,"24,690"
6,Germany,"19,741,719",,"128,457 ",,"15,518,700","+189,700","4,094,562","2,494","234,335","1,525","104,701,826","1,242,816","84,245,647 ",Europe,46561,,,"48,603"
7,Russia,"17,715,390","+25,382","366,618 ",+398,"16,545,758","+61,860","803,014","2,300","121,303","2,510","273,400,000","1,872,060","146,042,306 ",Europe,83981,174,3,"5,499"
8,Turkey,"14,760,331",,"97,598 ",,"14,404,817",,"257,916",975,"171,826","1,136","151,858,785","1,767,797","85,902,862 ",Asia,68801,,,"3,002"
9,Italy,"14,153,098",,"158,436 ",,"12,748,859",,"1,245,803",447,"234,678","2,627","197,631,659","3,277,006","60,308,605 ",Europe,43810,,,"20,657"
10,Spain,"11,378,784",,"102,053 ",,"10,707,169",,"569,562",682,"243,209","2,181","471,036,328","10,067,893","46,785,988 ",Europe,44580,,,"12,174"
11,S. Korea,"11,162,232","+339,396","14,294 ",+392,N/A,N/A,N/A,"1,085","217,396",278,"15,804,065","307,800","51,345,227 ",Asia,"53,5923","6,610",8,"198,235"
12,Argentina,"9,021,240",,"127,780 ",,"8,827,814",,"65,646",664,"196,496","2,783","35,209,764","766,923","45,910,441 ",South America,53591,,,"1,430"
13,Vietnam,"8,599,751",,"42,145 ",,"4,826,024",,"3,731,582","3,650","87,000",426,"83,048,614","840,166","98,847,807 ",Asia,"112,3451",,,"37,751"
14,Netherlands,"7,665,726",,"21,851 ",,"6,131,356",,"1,512,519",151,"445,676","1,270","21,107,399","1,227,159","17,200,213 ",Europe,27871,,,"87,936"
15,Iran,"7,145,877",,"139,865 ",,"6,842,103",,"163,909","1,753","83,241","1,629","48,991,010","570,690","85,845,294 ",Asia,126142,,,"1,909"
16,Japan,"6,238,879","+49,063","27,485 ",+129,"5,770,149","+42,125","441,245",733,"49,590",218,"42,521,015","337,980","125,809,201 ",Asia,"204,5773",390,1,"3,507"
17,Colombia,"6,082,577",,"139,531 ",,"5,915,073",,"27,973",342,"117,385","2,693","33,766,171","651,637","51,817,422 ",South America,93712,,,540
18,Indonesia,"5,986,830",,"154,343 ",,"5,676,510",,"155,977","2,771","21,496",554,"91,035,716","326,870","278,507,531 ",Asia,"471,8043",,,560
19,Poland,"5,933,107","+8,241","114,736 ",+110,"5,277,322","+7,325","541,049",358,"157,064","3,037","35,344,642","935,658","37,775,174 ",Europe,63291,218,3,"14,323"
20,Mexico,"5,643,963","+3,658","322,432 ",+155,"4,941,341","+3,699","380,190","4,798","42,996","2,456","15,490,465","118,007","131,266,967 ",North America,234078,28,1,"2,896"
21,Ukraine,"4,949,283",,"107,779 ",,N/A,N/A,N/A,177,"114,352","2,490","19,521,252","451,035","43,280,972 ",Europe,94022,,,"18,102"
22,Australia,"4,180,377","+58,235","5,850 ",+26,"3,691,688",,"482,839",96,"160,724",225,"65,815,062","2,530,406","26,009,686 ",Australia/Oceania,"64,4460","2,239",1.0,"18,564"
23,Malaysia,"4,079,242",,"34,664 ",,"3,796,975",,"247,603",321,"123,313","1,048","54,258,550","1,640,197","33,080,501 ",Asia,89541,,,"7,485"
24,Israel,"3,818,065",,"10,455 ",,"3,734,564",,"73,046",301,"409,400","1,121","41,373,364","4,436,346","9,326,000 ",Asia,28920,,,"7,833"
25,Czechia,"3,776,874","+7,174","39,495 ",+12,"3,662,938","+13,129","74,441",103,"351,559","3,676","54,521,816","5,074,997","10,743,221 ",Europe,32720,668,1,"6,929"
26,Belgium,"3,771,233","+13,457","30,662 ",+27,"3,489,933","+8,326","250,638",172,"322,975","2,626","32,594,459","2,791,446","11,676,549 ",Europe,33810,"1,152",2,"21,465"
27,South Africa,"3,709,209",,"99,932 ",,"3,595,512",,"13,765",546,"61,211","1,649","23,676,087","390,713","60,597,103 ",Africa,166063,,,227
28,Philippines,"3,675,821",,"58,771 ",,"3,572,477",,"44,573",289,"32,792",524,"28,781,758","256,764","112,094,015 ",Asia,"301,9074",,,398
29,Austria,"3,627,093",,"15,579 ",,"3,168,886",,"442,628",233,"398,803","1,713","172,558,127","18,972,942","9,094,959 ",Europe,35840,,,"48,667"
30,Peru,"3,543,790",,"212,022 ",,N/A,N/A,N/A,527,"104,960","6,280","28,399,228","841,130","33,763,193 ",South America,101591,,,"47,718"
31,Thailand,"3,477,030","+26,050","24,651 ",+69,"3,208,271","+22,219","244,108","1,496","49,600",352,"17,270,775","246,367","70,101,829 ",Asia,"202,8444",372,1.0,"3,482"
32,Portugal,"3,458,727",,"21,408 ",,N/A,N/A,N/A,66,"340,913","2,110","39,624,193","3,905,604","10,145,471 ",Europe,34740,,,"55,310"
33,Canada,"3,429,843",,"37,360 ",,"3,260,385",,"132,098",409,"89,523",975,"59,142,418","1,543,689","38,312,403 ",North America,"111,0251",,,"3,448"
34,Chile,"3,426,147",,"56,147 ",,"2,839,784",,"530,216",735,"176,615","2,894","34,996,788","1,804,054","19,398,973 ",South America,63461,,,"27,332"
35,Switzerland,"3,386,428",,"13,635 ",,"2,693,876",,"678,917",162,"386,416","1,556","20,493,186","2,338,419","8,763,693 ",Europe,36430,,,"77,469"
36,Greece,"2,884,100",,"27,125 ",,"2,596,545",,"260,430",344,"279,053","2,624","72,252,783","6,990,865","10,335,314 ",Europe,43810,,,"25,198"
37,Denmark,"2,883,937",,"5,518 ",,"2,777,866",,"100,553",20,"494,896",947,"126,636,126","21,731,322","5,827,355 ",Europe,"21,0560",,,"17,255"
38,Romania,"2,832,024",,"64,826 ",,"2,606,660",,"160,538",428,"148,924","3,409","21,892,597","1,151,240","19,016,536 ",Europe,72931,,,"8,442"
39,Sweden,"2,481,736",,"18,155 ",,"2,416,719",,"46,862",32,"243,122","1,779","18,382,831","1,800,863","10,207,790 ",Europe,45621,,,"4,591"
40,Iraq,"2,317,128",,"25,138 ",,"2,277,125",,"14,865",68,"55,464",602,"18,267,885","437,272","41,776,904 ",Asia,"181,6622",,,356
41,Serbia,"1,964,129",,"15,727 ",,"1,909,900",,"38,502",39,"226,368","1,813","9,093,179","1,047,997","8,676,719 ",Europe,45521,,,"4,437"
42,Bangladesh,"1,951,072",,"29,118 ",,"1,874,880",,"47,074","1,264","11,647",174,"13,762,715","82,157","167,516,707 ",Asia,"865,75312",,,281
43,Hungary,"1,839,358","+2,439","45,258 ",+38,"1,693,393","+3,933","100,707",70,"191,240","4,706","11,053,112","1,149,202","9,618,077 ",Europe,52131,254,4,"10,471"
44,Jordan,"1,689,314",,"14,003 ",,"1,668,852",,"6,459",276,"162,783","1,349","16,575,546","1,597,231","10,377,676 ",Asia,67411,,,622
45,Slovakia,"1,674,586","+8,104","19,229 ",+20,"1,537,224","+9,899","118,133",186,"306,465","3,519","6,798,172","1,244,129","5,464,200 ",Europe,32841,"1,483",4,"21,619"
46,Georgia,"1,645,301",+590,"16,698 ",+10,"1,611,688","+3,247","16,915",,"413,811","4,200","16,283,777","4,095,548","3,975,970 ",Asia,22380,148,3,"4,254"
47,Pakistan,"1,523,401",+329,"30,336 ",+3,"1,484,718",+42,"8,347",446,"6,673",133,"27,297,869","119,581","228,280,137 ",Asia,"1507,5258",1,0.01,37
48,Ireland,"1,413,798",,"6,693 ",,"1,273,365",,"133,740",53,"280,915","1,330","11,692,937","2,323,334","5,032,827 ",Europe,47520,,,"26,574"
49,Norway,"1,393,061",,"2,339 ",,N/A,N/A,N/A,20,"253,547",426,"9,852,076","1,793,148","5,494,292 ",Europe,"42,3491",,,"236,931"
50,Kazakhstan,"1,304,983",+22,"13,657 ",+1,"1,285,974",+645,"5,352",528,"68,097",713,"11,575,012","604,007","19,163,698 ",Asia,"151,4032",1,0.05,279
51,Morocco,"1,162,764",,"16,056 ",,"1,146,137",,571,293,"30,872",426,"11,237,010","298,346","37,664,392 ",Africa,"322,3463",,,15
52,Bulgaria,"1,131,065",,"36,396 ",,"904,636",,"190,033",241,"164,919","5,307","9,524,020","1,388,684","6,858,307 ",Europe,61881,,,"27,708"
53,Hong Kong,"1,101,224",,"6,770 ",,N/A,N/A,N/A,115,"144,864",891,"36,260,319","4,769,968","7,601,795 ",Asia,"71,1230",,,"142,232"
54,Lebanon,"1,089,830",,"10,267 ",,"1,042,985",,"36,578",186,"160,913","1,516","4,795,578","708,067","6,772,770 ",Asia,66601,,,"5,401"
55,Croatia,"1,089,696",,"15,485 ",,"1,062,763",,"11,448",41,"268,290","3,813","4,643,518","1,143,262","4,061,639 ",Europe,42621,,,"2,819"
56,Cuba,"1,084,568",,"8,508 ",,"1,072,515",,"3,545",23,"95,855",752,"12,920,253","1,141,900","11,314,701 ",North America,"101,3301",,,313
57,Singapore,"1,053,139",,"1,226 ",,"1,009,408",,"42,505",24,"177,606",207,"23,477,384","3,959,333","5,929,631 ",Asia,"64,8370",,,"7,168"
58,Tunisia,"1,033,731",,"28,165 ",,N/A,N/A,N/A,63,"85,917","2,341","4,500,701","374,070","12,031,715 ",Africa,124273,,,-46.04
59,Lithuania,"1,009,756","+3,314","8,804 ",+13,"932,357","+4,408","68,595",66,"380,059","3,314","8,016,908","3,017,459","2,656,841 ",Europe,33020,"1,247",5,"25,818"
60,Nepal,"978,309",+12,"11,951 ",,"964,398",+271,"1,960",100,"32,567",398,"5,523,877","183,887","30,039,531 ",Asia,"312,5145",0.4,,65
61,Belarus,"957,088","+1,488","6,767 ",+8,"928,536",,"21,785",,"101,344",717,"12,790,271","1,354,333","9,443,966 ",Europe,"101,3961",158,0.8,"2,307"
62,Slovenia,"949,640",,"6,461 ",,"905,924",,"37,255",50,"456,683","3,107","2,605,303","1,252,893","2,079,430 ",Europe,23221,,,"17,916"
63,Bolivia,"900,845",+288,"21,487 ",+3,"825,786","+1,866","53,572",220,"75,401","1,798","2,682,016","224,486","11,947,363 ",South America,135564,24,0.3,"4,484"
64,UAE,"889,108",,"2,302  ",,"860,513",,"26,293",,"88,063",228,"146,055,747","14,466,262","10,096,302 ",Asia,"114,3860",,,"2,604"
65,Uruguay,"881,152",,"7,147 ",,"864,614",,"9,391",40,"252,156","2,045","5,938,278","1,699,332","3,494,477 ",South America,44891,,,"2,687"
66,Ecuador,"855,314",,"35,413 ",,N/A,N/A,N/A,759,"47,243","1,956","2,470,170","136,439","18,104,609 ",South America,215117,,,"20,769"
67,Finland,"844,713","+10,675","2,985 ",+34,"46,000",,"795,728",32,"152,048",537,"10,331,340","1,859,642","5,555,554 ",Europe,"71,8611","1,922",6,"143,231"
68,Costa Rica,"833,909",,"8,263 ",,"786,453",,"39,193",72,"161,164","1,597","3,913,872","756,409","5,174,277 ",North America,66261,,,"7,575"
69,Guatemala,"821,834",,"17,267 ",,"790,080",,"14,487",5,"44,456",934,"4,180,812","226,156","18,486,425 ",North America,"221,0714",,,784
70,Azerbaijan,"791,604",,"9,672 ",,"781,394",,538,,"76,880",939,"6,676,788","648,442","10,296,661 ",Asia,"131,0652",,,52
71,Latvia,"786,974","+2,819","5,569 ",+10,"721,486",,"59,919",32,"425,331","3,010","7,016,881","3,792,367","1,850,264 ",Europe,23320,"1,524",5,"32,384"
72,Panama,"762,735",,"8,160 ",,"751,821",,"2,754",10,"172,106","1,841","5,659,857","1,277,106","4,431,782 ",North America,65431,,,621
73,Saudi Arabia,"750,080",,"9,034 ",,"732,741",,"8,305",146,"20,982",253,"41,436,288","1,159,124","35,747,922 ",Asia,"483,9571",,,232
74,Sri Lanka,"660,399",,"16,450 ",,"637,011",,"6,938",,"30,619",763,"6,368,159","295,260","21,567,981 ",Asia,"331,3113",,,322
75,Paraguay,"647,672",,"18,608 ",,"623,980",,"5,084",45,"88,923","2,555","2,579,054","354,095","7,283,499 ",South America,113913,,,698
76,Kuwait,"628,130",,"2,553 ",,"623,331",,"2,246",10,"143,429",583,"7,763,313","1,772,696","4,379,382 ",Asia,"71,7151",,,513
77,Myanmar,"610,176",,"19,428 ",,"566,838",,"23,910",,"11,086",353,"7,560,882","137,375","55,038,390 ",Asia,"902,8337",,,434
78,Palestine,"580,873",,"5,345 ",,"574,144",,"1,384",17,"109,482","1,007","3,078,533","580,238","5,305,634 ",Asia,99932,,,261
79,Dominican Republic,"577,673",,"4,375 ",,"572,853",,445,24,"52,347",396,"3,208,952","290,788","11,035,363 ",North America,"192,5223",,,40
80,New Zealand,"573,244","+15,914",201 ,+9,"452,418","+14,149","120,625",,"114,601",40,"6,902,982","1,380,017","5,002,100 ",Australia/Oceania,"924,8861","3,181",2,"24,115"
81,Estonia,"549,793","+1,462","2,429 ",+6,"466,612","+2,875","80,752",14,"413,978","1,829","3,223,248","2,427,013","1,328,072 ",Europe,25470,"1,101",5,"60,804"
82,Bahrain,"548,866",,"1,466 ",,"539,213",,"8,187",7,"304,356",813,"9,569,757","5,306,597","1,803,370 ",Asia,"31,2300",,,"4,540"
83,Venezuela,"519,943",,"5,674 ",,"512,090",,"2,179",230,"18,374",201,"3,359,014","118,705","28,297,087 ",South America,"544,9878",,,77
84,Moldova,"511,231",,"11,401 ",,"496,239",,"3,591",60,"127,241","2,838","3,125,532","777,920","4,017,805 ",Europe,83521,,,894
85,Libya,"501,379",,"6,392 ",,"488,723",,"6,264",107,"71,297",909,"2,467,798","350,924","7,032,278 ",Africa,"141,1003",,,891
86,Egypt,"500,889",,"24,361 ",,"430,198",,"46,330",122,"4,741",231,"3,693,367","34,956","105,659,029 ",Africa,"2114,33729",,,438
87,Ethiopia,"469,544",,"7,491 ",,"429,269",,"32,784",16,"3,917",62,"4,622,381","38,563","119,867,108 ",Africa,"25516,00126",,,274
88,Mongolia,"467,884",+103,"2,177 ",,"313,256",,"152,451",192,"138,869",646,"4,030,048","1,196,130","3,369,238 ",Asia,"71,5481",31,,"45,248"
89,Armenia,"422,423",+22,"8,607 ",+3,"409,693",+58,"4,123",,"142,097","2,895","2,961,990","996,368","2,972,788 ",Asia,73451,7,1,"1,387"
90,Honduras,"418,492",,"10,869 ",,"131,100",,"276,523",105,"41,125","1,068","1,263,329","124,148","10,175,991 ",North America,249368,,,"27,174"
91,Cyprus,"397,205",,927 ,,"124,370",,"271,908",60,"324,911",758,"9,477,138","7,752,228","1,222,505 ",Asia,"31,3190",,,"222,419"
92,Oman,"387,922",,"4,250 ",,"381,949",,"1,723",15,"72,777",797,"25,000,000","4,690,207","5,330,255 ",Asia,"141,2540",,,323
93,Bosnia and Herzegovina,"374,696",,"15,695 ",,"192,218",,"166,783",,"115,446","4,836","1,729,817","532,965","3,245,651 ",Europe,92072,,,"51,387"
94,Qatar,"360,497",,677 ,,"358,686",,"1,134",1,"128,391",241,"3,403,146","1,212,031","2,807,805 ",Asia,"84,1471",,,404
95,Réunion,"327,189",,702 ,,"314,338",,"12,149",41,"361,007",775,"1,569,429","1,731,644","906,323 ",Africa,"31,2911",,,"13,405"
96,Kenya,"323,333",,"5,647 ",,"317,581",,105,1,"5,793",101,"3,487,114","62,481","55,811,127 ",Africa,"1739,88316",,,2
97,Zambia,"316,312",,"3,965 ",,"311,481",,866,1,"16,414",206,"3,341,351","173,393","19,270,361 ",Africa,"614,8606",,,45
98,North Macedonia,"304,326",,"9,191 ",,"293,171",,"1,964",,"146,084","4,412","1,904,444","914,180","2,083,227 ",Europe,72271,,,943
99,Albania,"273,257",,"3,489 ",,"269,307",,461,13,"95,133","1,215","1,770,982","616,555","2,872,382 ",Europe,118232,,,160
100,Algeria,"265,599",,"6,873 ",,"178,225",,"80,501",7,"5,874",152,"230,861","5,106","45,215,035 ",Africa,"1706,579196",,,"1,780"
101,Botswana,"263,950",,"2,619 ",,"259,434",,"1,897",1,"108,469","1,076","2,026,898","832,946","2,433,408 ",Africa,99291,,,780
102,Nigeria,"255,244",,"3,142 ",,"249,486",,"2,616",11,"1,188",15,"4,726,096","21,988","214,937,335 ",Africa,"84268,40845",,,12
103,Zimbabwe,"245,467",,"5,434 ",,"236,096",,"3,937",12,"16,111",357,"2,170,726","142,476","15,235,687 ",Africa,"622,8047",,,258
104,Uzbekistan,"237,542",+9,"1,637 ",,"235,265",+41,640,23,"6,924",48,"1,377,915","40,167","34,304,898 ",Asia,"14420,95625",0.3,,19
105,Montenegro,"232,561",,"2,698 ",,"229,156",,707,6,"370,200","4,295","1,202,443","1,914,099","628,203 ",Europe,32331,,,"1,125"
106,Mozambique,"225,223",,"2,200 ",,"222,045",,978,13,"6,874",67,"1,291,515","39,420","32,763,034 ",Africa,"14514,89225",,,30
107,Luxembourg,"206,044",,"1,023 ",,"188,669",,"16,352",3,"320,182","1,590","4,137,106","6,428,849","643,522 ",Europe,36290,,,"25,410"
108,Kyrgyzstan,"200,857",+10,"2,983 ",+1,"196,143",+14,"1,731",131,"29,936",445,"1,907,195","284,248","6,709,625 ",Asia,"332,2494",1,0.1,258
109,Afghanistan,"177,321",,"7,657 ",,"160,402",,"9,262","1,124","4,385",189,"914,608","22,617","40,438,174 ",Asia,"2285,28144",,,229
110,Iceland,"177,015",,95 ,,"75,685",,"101,235",2,"512,998",275,"1,868,488","5,414,966","345,060 ",Europe,"23,6320",,,"293,384"
111,Maldives,"174,658",,297 ,,"163,687",,"10,674",25,"313,601",533,"2,213,831","3,974,962","556,944 ",Asia,"31,8750",,,"19,165"
112,Laos,"164,078","+2,212",654 ,+2,"7,660",,"155,764",,"22,002",88,"1,012,890","135,823","7,457,452 ",Asia,"4511,4037",297,0.3,"20,887"
113,Uganda,"163,817",,"3,595 ",,"100,157",,"60,065",7,"3,397",75,"2,535,729","52,578","48,227,562 ",Africa,"29413,41519",,,"1,245"
114,El Salvador,"161,052",,"4,115 ",,"141,145",,"15,792",45,"24,616",629,"1,847,861","282,435","6,542,607 ",North America,"411,5904",,,"2,414"
115,Ghana,"160,894",,"1,445 ",,"159,359",,90,1,"4,998",45,"2,401,739","74,611","32,190,054 ",Africa,"20022,27713",,,3
116,Namibia,"157,566",,"4,017 ",,"153,069",,480,3,"60,136","1,533","978,352","373,393","2,620,170 ",Africa,176523,,,183
117,Martinique,"141,415",,909 ,,104,,"140,402",8,"377,345","2,426","807,954","2,155,907","374,763 ",North America,34120,,,"374,642"
118,Trinidad and Tobago,"136,220",,"3,727 ",,"123,155",,"9,338",18,"96,795","2,648","666,494","473,598","1,407,298 ",North America,103782,,,"6,635"
119,Cambodia,"135,344",+59,"3,054 ",,"131,313",+97,977,,"7,907",178,"2,919,136","170,534","17,117,618 ",Asia,"1265,6056",3,,57
120,Guadeloupe,"130,705",,843 ,,"2,250",,"127,612",19,"326,565","2,106","938,039","2,343,680","400,242 ",North America,34750,,,"318,837"
121,Rwanda,"129,705",,"1,458 ",,"45,522",,"82,725",,"9,604",108,"5,052,845","374,144","13,505,082 ",Africa,"1049,2633",,,"6,125"
122,Brunei ,"129,081",,200 ,,"118,980",,"9,901",11,"290,267",450,"717,784","1,614,097","444,697 ",Asia,"32,2231",,,"22,265"
123,Jamaica,"128,607",,"2,874 ",,"80,504",,"45,229",25,"43,107",963,"907,881","304,307","2,983,441 ",North America,"231,0383",,,"15,160"
124,Cameroon,"119,544",,"1,927 ",,"117,455",,162,13,"4,318",70,"1,751,774","63,278","27,683,695 ",Africa,"23214,36616",,,6
125,Angola,"99,081",,"1,900 ",,"97,034",,147,,"2,861",55,"1,487,871","42,970","34,626,147 ",Africa,"34918,22423",,,4
126,DRC,"86,598",,"1,335 ",,"50,930",,"34,333",,919,14,"846,704","8,984","94,248,614 ",Africa,"1,08870,598111",,,364
127,Senegal,"85,842",,"1,964 ",,"83,845",,33,1,"4,904",112,"1,036,625","59,223","17,503,653 ",Africa,"2048,91217",,,2
128,Malawi,"85,586",,"2,626 ",,"78,563",,"4,397",67,"4,283",131,"558,925","27,973","19,981,103 ",Africa,"2337,60936",,,220
129,Ivory Coast,"81,680",,796 ,,"80,854",,30,,"2,970",29,"1,462,170","53,164","27,503,052 ",Africa,"33734,55219",,,1
130,Suriname,"79,112",+12,"1,324 ",,"49,374",+2,"28,414",,"132,807","2,223","234,738","394,061","595,690 ",South America,84503,20,,"47,699"
131,French Guiana,"78,649",,394 ,,"11,254",,"67,001",4,"252,070","1,263","609,252","1,952,656","312,012 ",South America,47921,,,"214,739"
132,Malta,"75,892",,626 ,,"71,601",,"3,665",2,"171,094","1,411","1,211,456","2,731,150","443,570 ",Europe,67090,,,"8,263"
133,French Polynesia,"71,868",,646 ,,N/A,N/A,N/A,7,"253,319","2,277",,,"283,706 ",Australia/Oceania,4439,,,"132,962"
134,Eswatini,"69,633",,"1,393 ",,"68,199",,41,11,"58,968","1,180","497,589","421,377","1,180,863 ",Africa,178482,,,35
135,Channel Islands,"65,644",,149 ,,"59,275",,"6,220",,"371,660",844,"1,237,263","7,005,067","176,624 ",Europe,"31,1850",,,"35,216"
136,Fiji,"64,335",,834 ,,"62,543",,958,,"70,882",919,"503,821","555,090","907,639 ",Australia/Oceania,"141,0882",,,"1,055"
137,Madagascar,"63,928",,"1,380 ",,"59,225",,"3,323",19,"2,211",48,"407,670","14,098","28,916,771 ",Africa,"45220,95471",,,115
138,Guyana,"63,208",,"1,226 ",,"61,865",,117,1,"79,698","1,546","561,899","708,491","793,093 ",South America,136471,,,148
139,Sudan,"61,862",,"4,900 ",,N/A,N/A,N/A,,"1,356",107,"562,941","12,342","45,612,338 ",Africa,"7379,30981",,,365
140,New Caledonia,"60,167",+32,310  ,,"59,280",+195,577,14,"207,309","1,068","98,964","340,987","290,228 ",Australia/Oceania,59363,110,,"1,988"
141,Mauritania,"58,665",,981 ,,"57,676",,8,,"12,071",202,"773,443","159,142","4,860,092 ",Africa,"834,9546",,,2
142,Barbados,"58,128",,329 ,,"56,897",,902,,"201,847","1,142","606,118","2,104,715","287,981 ",North America,58750,,,"3,132"
143,Belize,"57,212",,654 ,,"56,236",,322,6,"139,520","1,595","517,873","1,262,914","410,062 ",North America,76271,,,785
144,Cabo Verde,"55,941",,401 ,,"55,468",,72,23,"98,767",708,"400,982","707,957","566,393 ",Africa,"101,4121",,,127
145,Syria,"55,623",,"3,130 ",,"51,323",,"1,170",,"3,051",172,"146,269","8,022","18,232,731 ",Asia,"3285,825125",,,64
146,Gabon,"47,584",,303 ,,"47,263",,18,,"20,544",131,"1,587,821","685,536","2,316,173 ",Africa,"497,6441",,,8
147,Papua New Guinea,"41,533",,639 ,,"39,905",,989,7,"4,495",69,"249,149","26,967","9,238,953 ",Australia/Oceania,"22214,45837",,,107
148,Seychelles,"39,991",,163 ,,"39,566",,262,,"402,340","1,640",,,"99,396 ",Africa,2610,,,"2,636"
149,Curaçao,"39,853",,265 ,,"39,097",,491,3,"241,169","1,604","494,095","2,990,003","165,249 ",North America,46240,,,"2,971"
150,Andorra,"39,713",,153 ,,"38,871",,689,14,"512,571","1,975","249,838","3,224,632","77,478 ",Europe,25060,,,"8,893"
151,Burundi,"38,406",,38 ,,773,,"37,595",,"3,072",3,"345,742","27,658","12,500,437 ",Africa,"325328,95936",,,"3,007"
152,Togo,"36,907",,272 ,,"36,581",,54,,"4,285",32,"713,359","82,825","8,612,857 ",Africa,"23331,66512",,,6
153,Mayotte,"36,745",,187 ,,"2,964",,"33,594",,"129,316",658,"176,919","622,625","284,150 ",Africa,"81,5202",,,"118,226"
154,Guinea,"36,459",,440 ,,"35,976",,43,8,"2,652",32,"660,107","48,021","13,746,113 ",Africa,"37731,24121",,,3
155,Mauritius,"35,753",,934 ,,"32,931",,"1,888",,"28,033",732,"358,675","281,224","1,275,405 ",Africa,"361,3664",,,"1,480"
156,Faeroe Islands,"34,237",,28 ,,"7,693",,"26,516",5,"696,115",569,"778,000","15,818,474","49,183 ",Europe,"11,7570",,,"539,129"
157,Aruba,"33,843",,212 ,,"33,591",,40,4,"314,681","1,971","177,885","1,654,021","107,547 ",North America,35071,,,372
158,Tanzania,"33,797",,800 ,,N/A,N/A,N/A,7,539,13,,,"62,663,424 ",Africa,"1,85478,329",,,524
159,Bahamas,"33,242",,787 ,,"32,166",,289,11,"83,163","1,969","225,483","564,104","399,719 ",North America,125082,,,723
160,Lesotho,"32,880",,697 ,,"24,116",,"8,067",,"15,142",321,"421,681","194,188","2,171,514 ",Africa,"663,1165",,,"3,715"
161,Haiti,"30,511",,827 ,,"27,778",,"1,906",,"2,621",71,"132,422","11,374","11,642,036 ",North America,"38214,07788",,,164
162,Mali,"30,466",,727 ,,"29,615",,124,,"1,433",34,"642,705","30,238","21,255,004 ",Africa,"69829,23733",,,6
163,Isle of Man,"27,329",,81 ,,"25,267",,"1,981",,"318,490",944,"150,753","1,756,864","85,808 ",Europe,"31,0591",,,"23,086"
164,Benin,"26,952",,163 ,,"25,506",,"1,283",5,"2,127",13,"604,310","47,696","12,669,944 ",Africa,"47077,73021",,,101
165,Somalia,"26,400",,"1,348 ",,"13,182",,"11,870",,"1,585",81,"400,466","24,042","16,656,620 ",Africa,"63112,35742",,,713
166,Congo,"24,062",,384 ,,"20,178",,"3,500",,"4,183",67,"347,815","60,469","5,751,967 ",Africa,"23914,97917",,,608
167,Bhutan,"23,814",,9 ,,"20,713",,"3,092",4,"30,288",11,"2,080,206","2,645,738","786,248 ",Asia,"3387,3610",,,"3,933"
168,Saint Lucia,"22,907",,365 ,,"22,512",,30,1,"123,773","1,972","139,789","755,318","185,073 ",North America,85071,,,162
169,Timor-Leste,"22,813",,130 ,,"22,669",,14,9,"16,753",95,"252,951","185,761","1,361,699 ",Asia,"6010,4755",,,10
170,Taiwan,"22,463",+136,853 ,,"19,944",+80,"1,666",,940,36,"12,488,341","522,720","23,891,067 ",Asia,"1,06428,0082",6,,70
171,Burkina Faso,"20,751",,375 ,,"20,309",,67,,948,17,"248,995","11,375","21,890,129 ",Africa,"1,05558,37488",,,3
172,Cayman Islands,"19,529",,25 ,,"8,553",,"10,951",2,"291,252",373,"222,773","3,322,392","67,052 ",North America,"32,6820",,,"163,321"
173,Nicaragua,"18,365",,223 ,,"4,225",,"13,917",,"2,717",33,,,"6,760,358 ",North America,"36830,316",,,"2,059"
174,Tajikistan,"17,388",,124 ,,"17,264",,0,,"1,755",13,,,"9,906,570 ",Asia,"57079,892",,,
175,South Sudan,"17,184",,138 ,,"13,507",,"3,539",1,"1,505",12,"356,226","31,194","11,419,855 ",Africa,"66582,75332",,,310
176,Gibraltar,"16,530",,101 ,,"15,863",,566,10,"490,883","2,999","529,149","15,713,874","33,674 ",Europe,23330,,,"16,808"
177,Equatorial Guinea,"15,902",,183 ,,"15,689",,30,5,"10,728",123,"298,992","201,705","1,482,322 ",Africa,"938,1005",,,20
178,Liechtenstein,"15,761",,83 ,,"15,189",,489,9,"411,332","2,166","80,413","2,098,625","38,317 ",Europe,24620,,,"12,762"
179,Djibouti,"15,580",,189 ,,"15,381",,10,,"15,384",187,"295,031","291,316","1,012,753 ",Africa,"655,3583",,,10
180,San Marino,"14,968",,112 ,,"14,541",,315,4,"439,537","3,289","142,376","4,180,889","34,054 ",Europe,23040,,,"9,250"
181,CAR,"14,649",,113 ,,"6,859",,"7,677",2,"2,945",23,"81,294","16,342","4,974,422 ",Africa,"34044,02161",,,"1,543"
182,Grenada,"13,967",,218 ,,"13,696",,53,4,"123,142","1,922","142,284","1,254,466","113,422 ",North America,85201,,,467
183,Bermuda,"12,354",,127 ,,"11,950",,277,,"199,641","2,052","832,485","13,452,998","61,881 ",North America,54870,,,"4,476"
184,Gambia,"11,973",,365 ,,"11,591",,17,,"4,726",144,"155,686","61,450","2,533,556 ",Africa,"2126,94116",,,7
185,Greenland,"11,953",,21  ,,"2,761",,"9,171",4,"209,923",369,"164,926","2,896,488","56,940 ",North America,"52,7110",,,"161,064"
186,Yemen,"11,803",,"2,142 ",,"8,933",,728,23,381,69,"265,253","8,568","30,957,268 ",Asia,"2,62314,453117",,,24
187,Dominica,"11,787",,63 ,,"11,503",,221,,"163,043",871,"180,273","2,493,609","72,294 ",North America,"61,1480",,,"3,057"
188,Monaco,"10,431",,54 ,,"9,995",,382,4,"262,607","1,359","54,960","1,383,651","39,721 ",Europe,47361,,,"9,617"
189,Solomon Islands,"10,426",,129 ,,"2,195",,"8,102",1,"14,564",180,"5,117","7,148","715,889 ",Australia/Oceania,"695,550140",,,"11,317"
190,Saint Martin,"9,912",,63 ,,"1,399",,"8,450",7,"249,033","1,583","112,382","2,823,526","39,802 ",North America,46320,,,"212,301"
191,Eritrea,"9,723",,103 ,,"9,619",,1,,"2,678",28,"23,693","6,525","3,630,987 ",Africa,"37335,252153",,,0.3
192,Sint Maarten,"9,677",,86 ,,"9,562",,29,10,"221,366","1,967","62,056","1,419,559","43,715 ",North America,55081,,,663
193,Niger,"8,799",,308 ,,"8,471",,20,1,342,12,"238,395","9,271","25,714,627 ",Africa,"2,92283,489108",,,0.8
194,Guinea-Bissau,"8,125",,169 ,,"7,102",,854,6,"3,967",83,"127,980","62,487","2,048,100 ",Africa,"25212,11916",,,417
195,Comoros,"8,081",,160 ,,"7,911",,10,,"8,964",177,,,"901,504 ",Africa,"1125,634",,,11
196,Caribbean Netherlands,"8,039",,31 ,,"7,730",,278,,"301,730","1,164","30,126","1,130,729","26,643 ",North America,38591,,,"10,434"
197,Sierra Leone,"7,674",,125 ,,N/A,N/A,N/A,,929,15,"259,958","31,486","8,256,381 ",Africa,"1,07666,05132",,,331
198,Antigua and Barbuda,"7,482",,135 ,,"7,341",,6,1,"75,328","1,359","18,901","190,293","99,326 ",North America,137365,,,60
199,Liberia,"7,397",,294 ,,"5,747",,"1,356",2,"1,406",56,"139,824","26,570","5,262,390 ",Africa,"71117,89938",,,258
200,Chad,"7,286",,190 ,,"4,874",,"2,222",,423,11,"191,341","11,100","17,237,316 ",Africa,"2,36690,72390",,,129
201,St. Vincent Grenadines,"6,746",,106 ,,"6,637",,3,,"60,477",950,"98,446","882,552","111,547 ",North America,"171,0521",,,27
202,British Virgin Islands,"6,104",,62 ,,N/A,N/A,N/A,1,"199,621","2,028","101,161","3,308,294","30,578 ",North America,54930,,,425
203,Sao Tome and Principe,"5,943",,73 ,,"5,864",,6,,"26,277",323,"29,036","128,382","226,169 ",Africa,"383,0988",,,27
204,Turks and Caicos,"5,888",,36 ,,"5,826",,26,4,"148,616",909,"436,234","11,010,727","39,619 ",North America,"71,1010",,,656
205,Saint Kitts and Nevis,"5,548",,42 ,,"5,506",,0,,"103,033",780,"65,141","1,209,742","53,847 ",North America,"101,2821",,,
206,Tonga,"4,537",,2 ,,"1,609",,"2,926",,"42,103",19,"122,495","1,136,750","107,759 ",Australia/Oceania,"2453,8801",,,"27,153"
207,Palau,"3,976",,6  ,,"3,683",,287,,"217,947",329,"39,821","2,182,810","18,243 ",Australia/Oceania,"53,0410",,,"15,732"
208,St. Barth,"3,780",,6 ,,N/A,N/A,N/A,,"380,703",604,"78,646","7,920,838","9,929 ",North America,"31,6550",,,"333,568"
209,Kiribati,"3,061",,13 ,,"2,540",,508,9,"24,966",106,,,"122,606 ",Australia/Oceania,"409,431",,,"4,143"
210,Anguilla,"2,633",,9 ,,"2,615",,9,4,"172,837",591,"51,382","3,372,850","15,234 ",North America,"61,6930",,,591
211,Saint Pierre Miquelon,"1,781",,1 ,,"1,284",,496,1,"310,009",174,"17,516","3,048,912","5,745 ",North America,"35,7450",,,"86,336"
212,Vanuatu,"1,704",,1 ,,328,,"1,375",4,"5,333",3,"24,976","78,171","319,505 ",Australia/Oceania,"188319,50513",,,"4,304"
213,Cook Islands,"1,060",, ,,604,,456,,"60,255",,"7,115","404,445","17,592 ",Australia/Oceania,172,,,"25,921"
214,Samoa,796,, ,,61,,735,,"3,966",,,,"200,686 ",Australia/Oceania,252,,,"3,662"
215,Diamond Princess,712,,13 ,,699,,0,,,,,, ,,,,,
216,Wallis and Futuna,454,,7 ,,438,,9,,"41,651",642,"20,508","1,881,468","10,900 ",Australia/Oceania,"241,5571",,,826
217,Montserrat,174,,2 ,,172,,0,,"34,821",400,"8,796","1,760,256","4,997 ",North America,"292,4991",,,
218,Falkland Islands,119,, ,,N/A,N/A,N/A,,"32,567",,"8,632","2,362,343","3,654 ",South America,310,,,"9,305"
219,Macao,82,, ,,80,,2,,123,,"5,318","8,002","664,586 ",Asia,"8,105125",,,3
220,Vatican City,29,, ,,28,,1,,"36,070",,,,804 ,Europe,28,,,"1,244"
221,Western Sahara,10,,1 ,,8,,1,,16,2,,,"622,628 ",Africa,"62,263622,628",,,2
222,MS Zaandam,9,,2 ,,7,,0,,,,,, ,,,,,
223,Marshall Islands,7,, ,,7,,0,,117,,,,"59,878 ",Australia/Oceania,"8,554",,,
224,Niue,5,, ,,1,,4,,"3,040",,,,"1,645 ",Australia/Oceania,329,,,"2,432"
225,Saint Helena,2,, ,,2,,0,,327,,,,"6,108 ",Africa,"3,054",,,
226,Micronesia,1,, ,,1,,0,,9,,,,"117,101 ",Australia/Oceania,"117,101",,,
227,China,"140,651","+1,366","4,638 ",,"109,119",+725,"26,894",50,98,3,"160,000,000","111,163","1,439,323,776  ",Asia,"10,233310,3339",0.9,,19
#,"Country,Other",TotalCases,NewCases,TotalDeaths,NewDeaths,TotalRecovered,NewRecovered,ActiveCases,"Serious,Critical",Tot Cases/1M pop,Deaths/1M pop,TotalTests,Tests/,1M pop,,Population,Continent,1 Caseevery X ppl1 Deathevery X ppl1 Testevery X ppl,New Cases/1M pop,New Deaths/1M pop,Active Cases/1M pop
1,USA,"81,565,957",,"1,002,259 ",,"63,824,394",,"16,739,304","2,663","243,956","2,998","976,855,043","2,921,675","334,347,663 ",North America,43340,,,"50,066"
2,India,"43,016,372",,"516,785 ",,"42,478,087",,"21,500","8,944","30,652",368,"785,644,225","559,821","1,403,383,978 ",Asia,"332,7162",,,15
3,Brazil,"29,767,681",,"658,367 ",,"28,407,457",,"701,857","8,318","138,349","3,060","63,776,166","296,408","215,163,281 ",South America,73273,,,"3,262"
4,France,"24,636,311",,"141,443 ",,"22,816,877",,"1,677,991","1,564","375,998","2,159","254,106,036","3,878,153","65,522,434 ",Europe,34630,,,"25,609"
5,UK,"20,613,817",,"164,282 ",,"18,758,225",,"1,691,310",302,"300,929","2,398","499,886,168","7,297,547","68,500,576 ",Europe,34170,,,"24,690"
6,Germany,"19,741,719",,"128,457 ",,"15,518,700","+189,700","4,094,562","2,494","234,335","1,525","104,701,826","1,242,816","84,245,647 ",Europe,46561,,,"48,603"
7,Russia,"17,715,390","+25,382","366,618 ",+398,"16,545,758","+61,860","803,014","2,300","121,303","2,510","273,400,000","1,872,060","146,042,306 ",Europe,83981,174,3,"5,499"
8,Turkey,"14,760,331",,"97,598 ",,"14,404,817",,"257,916",975,"171,826","1,136","151,858,785","1,767,797","85,902,862 ",Asia,68801,,,"3,002"
9,Italy,"14,153,098",,"158,436 ",,"12,748,859",,"1,245,803",447,"234,678","2,627","197,631,659","3,277,006","60,308,605 ",Europe,43810,,,"20,657"
10,Spain,"11,378,784",,"102,053 ",,"10,707,169",,"569,562",682,"243,209","2,181","471,036,328","10,067,893","46,785,988 ",Europe,44580,,,"12,174"
11,S. Korea,"11,162,232","+339,396","14,294 ",+392,N/A,N/A,N/A,"1,085","217,396",278,"15,804,065","307,800","51,345,227 ",Asia,"53,5923","6,610",8,"198,235"
12,Argentina,"9,021,240",,"127,780 ",,"8,827,814",,"65,646",664,"196,496","2,783","35,209,764","766,923","45,910,441 ",South America,53591,,,"1,430"
13,Vietnam,"8,599,751",,"42,145 ",,"4,826,024",,"3,731,582","3,650","87,000",426,"83,048,614","840,166","98,847,807 ",Asia,"112,3451",,,"37,751"
14,Netherlands,"7,665,726",,"21,851 ",,"6,131,356",,"1,512,519",151,"445,676","1,270","21,107,399","1,227,159","17,200,213 ",Europe,27871,,,"87,936"
15,Iran,"7,145,877",,"139,865 ",,"6,842,103",,"163,909","1,753","83,241","1,629","48,991,010","570,690","85,845,294 ",Asia,126142,,,"1,909"
16,Japan,"6,238,879","+49,063","27,485 ",+129,"5,770,149","+42,125","441,245",733,"49,590",218,"42,521,015","337,980","125,809,201 ",Asia,"204,5773",390,1,"3,507"
17,Colombia,"6,082,577",,"139,531 ",,"5,915,073",,"27,973",342,"117,385","2,693","33,766,171","651,637","51,817,422 ",South America,93712,,,540
18,Indonesia,"5,986,830",,"154,343 ",,"5,676,510",,"155,977","2,771","21,496",554,"91,035,716","326,870","278,507,531 ",Asia,"471,8043",,,560
19,Poland,"5,933,107","+8,241","114,736 ",+110,"5,277,322","+7,325","541,049",358,"157,064","3,037","35,344,642","935,658","37,775,174 ",Europe,63291,218,3,"14,323"
20,Mexico,"5,643,963","+3,658","322,432 ",+155,"4,941,341","+3,699","380,190","4,798","42,996","2,456","15,490,465","118,007","131,266,967 ",North America,234078,28,1,"2,896"
21,Ukraine,"4,949,283",,"107,779 ",,N/A,N/A,N/A,177,"114,352","2,490","19,521,252","451,035","43,280,972 ",Europe,94022,,,"18,102"
22,Australia,"4,180,377","+58,235","5,850 ",+26,"3,691,688",,"482,839",96,"160,724",225,"65,815,062","2,530,406","26,009,686 ",Australia/Oceania,"64,4460","2,239",1.0,"18,564"
23,Malaysia,"4,079,242",,"34,664 ",,"3,796,975",,"247,603",321,"123,313","1,048","54,258,550","1,640,197","33,080,501 ",Asia,89541,,,"7,485"
24,Israel,"3,818,065",,"10,455 ",,"3,734,564",,"73,046",301,"409,400","1,121","41,373,364","4,436,346","9,326,000 ",Asia,28920,,,"7,833"
25,Czechia,"3,776,874","+7,174","39,495 ",+12,"3,662,938","+13,129","74,441",103,"351,559","3,676","54,521,816","5,074,997","10,743,221 ",Europe,32720,668,1,"6,929"
26,Belgium,"3,771,233","+13,457","30,662 ",+27,"3,489,933","+8,326","250,638",172,"322,975","2,626","32,594,459","2,791,446","11,676,549 ",Europe,33810,"1,152",2,"21,465"
27,South Africa,"3,709,209",,"99,932 ",,"3,595,512",,"13,765",546,"61,211","1,649","23,676,087","390,713","60,597,103 ",Africa,166063,,,227
28,Philippines,"3,675,821",,"58,771 ",,"3,572,477",,"44,573",289,"32,792",524,"28,781,758","256,764","112,094,015 ",Asia,"301,9074",,,398
29,Austria,"3,627,093",,"15,579 ",,"3,168,886",,"442,628",233,"398,803","1,713","172,558,127","18,972,942","9,094,959 ",Europe,35840,,,"48,667"
30,Peru,"3,543,790",,"212,022 ",,N/A,N/A,N/A,527,"104,960","6,280","28,399,228","841,130","33,763,193 ",South America,101591,,,"47,718"
31,Thailand,"3,477,030","+26,050","24,651 ",+69,"3,208,271","+22,219","244,108","1,496","49,600",352,"17,270,775","246,367","70,101,829 ",Asia,"202,8444",372,1.0,"3,482"
32,Portugal,"3,458,727",,"21,408 ",,N/A,N/A,N/A,66,"340,913","2,110","39,624,193","3,905,604","10,145,471 ",Europe,34740,,,"55,310"
33,Canada,"3,429,843",,"37,360 ",,"3,260,385",,"132,098",409,"89,523",975,"59,142,418","1,543,689","38,312,403 ",North America,"111,0251",,,"3,448"
34,Chile,"3,426,147",,"56,147 ",,"2,839,784",,"530,216",735,"176,615","2,894","34,996,788","1,804,054","19,398,973 ",South America,63461,,,"27,332"
35,Switzerland,"3,386,428",,"13,635 ",,"2,693,876",,"678,917",162,"386,416","1,556","20,493,186","2,338,419","8,763,693 ",Europe,36430,,,"77,469"
36,Greece,"2,884,100",,"27,125 ",,"2,596,545",,"260,430",344,"279,053","2,624","72,252,783","6,990,865","10,335,314 ",Europe,43810,,,"25,198"
37,Denmark,"2,883,937",,"5,518 ",,"2,777,866",,"100,553",20,"494,896",947,"126,636,126","21,731,322","5,827,355 ",Europe,"21,0560",,,"17,255"
38,Romania,"2,832,024",,"64,826 ",,"2,606,660",,"160,538",428,"148,924","3,409","21,892,597","1,151,240","19,016,536 ",Europe,72931,,,"8,442"
39,Sweden,"2,481,736",,"18,155 ",,"2,416,719",,"46,862",32,"243,122","1,779","18,382,831","1,800,863","10,207,790 ",Europe,45621,,,"4,591"
40,Iraq,"2,317,128",,"25,138 ",,"2,277,125",,"14,865",68,"55,464",602,"18,267,885","437,272","41,776,904 ",Asia,"181,6622",,,356
41,Serbia,"1,964,129",,"15,727 ",,"1,909,900",,"38,502",39,"226,368","1,813","9,093,179","1,047,997","8,676,719 ",Europe,45521,,,"4,437"
42,Bangladesh,"1,951,072",,"29,118 ",,"1,874,880",,"47,074","1,264","11,647",174,"13,762,715","82,157","167,516,707 ",Asia,"865,75312",,,281
43,Hungary,"1,839,358","+2,439","45,258 ",+38,"1,693,393","+3,933","100,707",70,"191,240","4,706","11,053,112","1,149,202","9,618,077 ",Europe,52131,254,4,"10,471"
44,Jordan,"1,689,314",,"14,003 ",,"1,668,852",,"6,459",276,"162,783","1,349","16,575,546","1,597,231","10,377,676 ",Asia,67411,,,622
45,Slovakia,"1,674,586","+8,104","19,229 ",+20,"1,537,224","+9,899","118,133",186,"306,465","3,519","6,798,172","1,244,129","5,464,200 ",Europe,32841,"1,483",4,"21,619"
46,Georgia,"1,645,301",+590,"16,698 ",+10,"1,611,688","+3,247","16,915",,"413,811","4,200","16,283,777","4,095,548","3,975,970 ",Asia,22380,148,3,"4,254"
47,Pakistan,"1,523,401",+329,"30,336 ",+3,"1,484,718",+42,"8,347",446,"6,673",133,"27,297,869","119,581","228,280,137 ",Asia,"1507,5258",1,0.01,37
48,Ireland,"1,413,798",,"6,693 ",,"1,273,365",,"133,740",53,"280,915","1,330","11,692,937","2,323,334","5,032,827 ",Europe,47520,,,"26,574"
49,Norway,"1,393,061",,"2,339 ",,N/A,N/A,N/A,20,"253,547",426,"9,852,076","1,793,148","5,494,292 ",Europe,"42,3491",,,"236,931"
50,Kazakhstan,"1,304,983",+22,"13,657 ",+1,"1,285,974",+645,"5,352",528,"68,097",713,"11,575,012","604,007","19,163,698 ",Asia,"151,4032",1,0.05,279
51,Morocco,"1,162,764",,"16,056 ",,"1,146,137",,571,293,"30,872",426,"11,237,010","298,346","37,664,392 ",Africa,"322,3463",,,15
52,Bulgaria,"1,131,065",,"36,396 ",,"904,636",,"190,033",241,"164,919","5,307","9,524,020","1,388,684","6,858,307 ",Europe,61881,,,"27,708"
53,Hong Kong,"1,101,224",,"6,770 ",,N/A,N/A,N/A,115,"144,864",891,"36,260,319","4,769,968","7,601,795 ",Asia,"71,1230",,,"142,232"
54,Lebanon,"1,089,830",,"10,267 ",,"1,042,985",,"36,578",186,"160,913","1,516","4,795,578","708,067","6,772,770 ",Asia,66601,,,"5,401"
55,Croatia,"1,089,696",,"15,485 ",,"1,062,763",,"11,448",41,"268,290","3,813","4,643,518","1,143,262","4,061,639 ",Europe,42621,,,"2,819"
56,Cuba,"1,084,568",,"8,508 ",,"1,072,515",,"3,545",23,"95,855",752,"12,920,253","1,141,900","11,314,701 ",North America,"101,3301",,,313
57,Singapore,"1,053,139",,"1,226 ",,"1,009,408",,"42,505",24,"177,606",207,"23,477,384","3,959,333","5,929,631 ",Asia,"64,8370",,,"7,168"
58,Tunisia,"1,033,731",,"28,165 ",,N/A,N/A,N/A,63,"85,917","2,341","4,500,701","374,070","12,031,715 ",Africa,124273,,,-46.04
59,Lithuania,"1,009,756","+3,314","8,804 ",+13,"932,357","+4,408","68,595",66,"380,059","3,314","8,016,908","3,017,459","2,656,841 ",Europe,33020,"1,247",5,"25,818"
60,Nepal,"978,309",+12,"11,951 ",,"964,398",+271,"1,960",100,"32,567",398,"5,523,877","183,887","30,039,531 ",Asia,"312,5145",0.4,,65
61,Belarus,"957,088","+1,488","6,767 ",+8,"928,536",,"21,785",,"101,344",717,"12,790,271","1,354,333","9,443,966 ",Europe,"101,3961",158,0.8,"2,307"
62,Slovenia,"949,640",,"6,461 ",,"905,924",,"37,255",50,"456,683","3,107","2,605,303","1,252,893","2,079,430 ",Europe,23221,,,"17,916"
63,Bolivia,"900,845",+288,"21,487 ",+3,"825,786","+1,866","53,572",220,"75,401","1,798","2,682,016","224,486","11,947,363 ",South America,135564,24,0.3,"4,484"
64,UAE,"889,108",,"2,302 ",,"860,513",,"26,293",,"88,063",228,"146,055,747","14,466,262","10,096,302 ",Asia,"114,3860",,,"2,604"
65,Uruguay,"881,152",,"7,147 ",,"864,614",,"9,391",40,"252,156","2,045","5,938,278","1,699,332","3,494,477 ",South America,44891,,,"2,687"
66,Ecuador,"855,314",,"35,413 ",,N/A,N/A,N/A,759,"47,243","1,956","2,470,170","136,439","18,104,609 ",South America,215117,,,"20,769"
67,Finland,"844,713","+10,675","2,985 ",+34,"46,000",,"795,728",32,"152,048",537,"10,331,340","1,859,642","5,555,554 ",Europe,"71,8611","1,922",6,"143,231"
68,Costa Rica,"833,909",,"8,263 ",,"786,453",,"39,193",72,"161,164","1,597","3,913,872","756,409","5,174,277 ",North America,66261,,,"7,575"
69,Guatemala,"821,834",,"17,267 ",,"790,080",,"14,487",5,"44,456",934,"4,180,812","226,156","18,486,425 ",North America,"221,0714",,,784
70,Azerbaijan,"791,604",,"9,672 ",,"781,394",,538,,"76,880",939,"6,676,788","648,442","10,296,661 ",Asia,"131,0652",,,52
71,Latvia,"786,974","+2,819","5,569 ",+10,"721,486",,"59,919",32,"425,331","3,010","7,016,881","3,792,367","1,850,264 ",Europe,23320,"1,524",5,"32,384"
72,Panama,"762,735",,"8,160 ",,"751,821",,"2,754",10,"172,106","1,841","5,659,857","1,277,106","4,431,782 ",North America,65431,,,621
73,Saudi Arabia,"750,080",,"9,034 ",,"732,741",,"8,305",146,"20,982",253,"41,436,288","1,159,124","35,747,922 ",Asia,"483,9571",,,232
74,Sri Lanka,"660,399",,"16,450 ",,"637,011",,"6,938",,"30,619",763,"6,368,159","295,260","21,567,981 ",Asia,"331,3113",,,322
75,Paraguay,"647,672",,"18,608 ",,"623,980",,"5,084",45,"88,923","2,555","2,579,054","354,095","7,283,499 ",South America,113913,,,698
76,Kuwait,"628,130",,"2,553 ",,"623,331",,"2,246",10,"143,429",583,"7,763,313","1,772,696","4,379,382 ",Asia,"71,7151",,,513
77,Myanmar,"610,176",,"19,428 ",,"566,838",,"23,910",,"11,086",353,"7,560,882","137,375","55,038,390 ",Asia,"902,8337",,,434
78,Palestine,"580,873",,"5,345 ",,"574,144",,"1,384",17,"109,482","1,007","3,078,533","580,238","5,305,634 ",Asia,99932,,,261
79,Dominican Republic,"577,673",,"4,375 ",,"572,853",,445,24,"52,347",396,"3,208,952","290,788","11,035,363 ",North America,"192,5223",,,40
80,New Zealand,"573,244","+15,914",201 ,+9,"452,418","+14,149","120,625",,"114,601",40,"6,902,982","1,380,017","5,002,100 ",Australia/Oceania,"924,8861","3,181",2,"24,115"
81,Estonia,"549,793","+1,462","2,429 ",+6,"466,612","+2,875","80,752",14,"413,978","1,829","3,223,248","2,427,013","1,328,072 ",Europe,25470,"1,101",5,"60,804"
82,Bahrain,"548,866",,"1,466 ",,"539,213",,"8,187",7,"304,356",813,"9,569,757","5,306,597","1,803,370 ",Asia,"31,2300",,,"4,540"
83,Venezuela,"519,943",,"5,674 ",,"512,090",,"2,179",230,"18,374",201,"3,359,014","118,705","28,297,087 ",South America,"544,9878",,,77
84,Moldova,"511,231",,"11,401 ",,"496,239",,"3,591",60,"127,241","2,838","3,125,532","777,920","4,017,805 ",Europe,83521,,,894
85,Libya,"501,379",,"6,392 ",,"488,723",,"6,264",107,"71,297",909,"2,467,798","350,924","7,032,278 ",Africa,"141,1003",,,891
86,Egypt,"500,889",,"24,361 ",,"430,198",,"46,330",122,"4,741",231,"3,693,367","34,956","105,659,029 ",Africa,"2114,33729",,,438
87,Ethiopia,"469,544",,"7,491 ",,"429,269",,"32,784",16,"3,917",62,"4,622,381","38,563","119,867,108 ",Africa,"25516,00126",,,274
88,Mongolia,"467,884",+103,"2,177 ",,"313,256",,"152,451",192,"138,869",646,"4,030,048","1,196,130","3,369,238 ",Asia,"71,5481",31,,"45,248"
89,Armenia,"422,423",+22,"8,607 ",+3,"409,693",+58,"4,123",,"142,097","2,895","2,961,990","996,368","2,972,788 ",Asia,73451,7,1,"1,387"
90,Honduras,"418,492",,"10,869 ",,"131,100",,"276,523",105,"41,125","1,068","1,263,329","124,148","10,175,991 ",North America,249368,,,"27,174"
91,Cyprus,"397,205",,927 ,,"124,370",,"271,908",60,"324,911",758,"9,477,138","7,752,228","1,222,505 ",Asia,"31,3190",,,"222,419"
92,Oman,"387,922",,"4,250 ",,"381,949",,"1,723",15,"72,777",797,"25,000,000","4,690,207","5,330,255 ",Asia,"141,2540",,,323
93,Bosnia and Herzegovina,"374,696",,"15,695 ",,"192,218",,"166,783",,"115,446","4,836","1,729,817","532,965","3,245,651 ",Europe,92072,,,"51,387"
94,Qatar,"360,497",,677 ,,"358,686",,"1,134",1,"128,391",241,"3,403,146","1,212,031","2,807,805  ",Asia,"84,1471",,,404
95,Réunion,"327,189",,702 ,,"314,338",,"12,149",41,"361,007",775,"1,569,429","1,731,644","906,323 ",Africa,"31,2911",,,"13,405"
96,Kenya,"323,333",,"5,647 ",,"317,581",,105,1,"5,793",101,"3,487,114","62,481","55,811,127 ",Africa,"1739,88316",,,2
97,Zambia,"316,312",,"3,965 ",,"311,481",,866,1,"16,414",206,"3,341,351","173,393","19,270,361 ",Africa,"614,8606",,,45
98,North Macedonia,"304,326",,"9,191 ",,"293,171",,"1,964",,"146,084","4,412","1,904,444","914,180","2,083,227 ",Europe,72271,,,943
99,Albania,"273,257",,"3,489 ",,"269,307",,461,13,"95,133","1,215","1,770,982","616,555","2,872,382 ",Europe,118232,,,160
100,Algeria,"265,599",,"6,873 ",,"178,225",,"80,501",7,"5,874",152,"230,861","5,106","45,215,035 ",Africa,"1706,579196",,,"1,780"
101,Botswana,"263,950",,"2,619 ",,"259,434",,"1,897",1,"108,469","1,076","2,026,898","832,946","2,433,408 ",Africa,99291,,,780
102,Nigeria,"255,244",,"3,142 ",,"249,486",,"2,616",11,"1,188",15,"4,726,096","21,988","214,937,335 ",Africa,"84268,40845",,,12
103,Zimbabwe,"245,467",,"5,434 ",,"236,096",,"3,937",12,"16,111",357,"2,170,726","142,476","15,235,687 ",Africa,"622,8047",,,258
104,Uzbekistan,"237,542",+9,"1,637 ",,"235,265",+41,640,23,"6,924",48,"1,377,915","40,167","34,304,898 ",Asia,"14420,95625",0.3,,19
105,Montenegro,"232,561",,"2,698 ",,"229,156",,707,6,"370,200","4,295","1,202,443","1,914,099","628,203 ",Europe,32331,,,"1,125"
106,Mozambique,"225,223",,"2,200 ",,"222,045",,978,13,"6,874",67,"1,291,515","39,420","32,763,034 ",Africa,"14514,89225",,,30
107,Luxembourg,"206,044",,"1,023 ",,"188,669",,"16,352",3,"320,182","1,590","4,137,106","6,428,849","643,522 ",Europe,36290,,,"25,410"
108,Kyrgyzstan,"200,857",+10,"2,983 ",+1,"196,143",+14,"1,731",131,"29,936",445,"1,907,195","284,248","6,709,625 ",Asia,"332,2494",1,0.1,258
109,Afghanistan,"177,321",,"7,657 ",,"160,402",,"9,262","1,124","4,385",189,"914,608","22,617","40,438,174 ",Asia,"2285,28144",,,229
110,Iceland,"177,015",,95 ,,"75,685",,"101,235",2,"512,998",275,"1,868,488","5,414,966","345,060 ",Europe,"23,6320",,,"293,384"
111,Maldives,"174,658",,297 ,,"163,687",,"10,674",25,"313,601",533,"2,213,831","3,974,962","556,944 ",Asia,"31,8750",,,"19,165"
